area_cineunesco,carrera_estandar,cohorte_2005_a,cohorte_2006_a,cuarto_ano,duracion_esperada_del_plan_de_estudios_semestres,duracion_real_de_la_carrera_semestres,emplea_1_2015,emplea_1_2016,emplea_1_2017,emplea_1_2018,emplea_1_2019,emplea_2_2015,emplea_2_2016,emplea_2_2017,emplea_2_2018,emplea_2_2019,es_tecnico,estudiantes_adm_delegada_matricula,estudiantes_establecimientos_municipales_matricula_2011,estudiantes_particular_pagado_matricula_2011,estudiantes_particular_subvencionado_matricula_2011,id_api,id_area_cineunesco,id_estadisticas,id_tipo_institucion,ingreso_ano_1,ingreso_ano_10,ingreso_ano_2,ingreso_ano_3,ingreso_ano_4,ingreso_ano_5,ingreso_ano_6,ingreso_ano_7,ingreso_ano_8,ingreso_ano_9,ingresos_4_2015,ingresos_4_2016,ingresos_4_2017,ingresos_4_2018,ingresos_4_2019,matricula_de_1er_ano_2011,matricula_femenina_1er_ano_2011,matricula_femenina_2011,matricula_masculina_1er_ano_2011,matricula_masculina_2011,matricula_total_2011,mayor_a_1000000_a_1500000,mayor_a_1500000_a_2000000,mayor_a_2000000_a_2500000,mayor_a_2500000_a_3000000,mayor_a_3000000,mayor_a_500000_a_1000000,menor_a_500000,n_de_titulados_2010,n_de_titulados_femenino_2010,n_de_titulados_masculino_2010,percentil10_a,percentil10_b,percentil25_a,percentil25_b,percentil50_a,percentil50_b,percentil75_a,percentil75_b,percentil90_a,percentil90_b,primer_ano,quinto_ano,segundo_ano,tasa_de_retencion_1er_ano_cohorte_2009,tasa_de_retencion_2do_ano_cohorte_2009,tercer_ano,tipo_institucion
Administración y Comercio,Secretariado Bilingüe,0.754,0.739,1136314,6.00,7.20,0.701,0.716,0.783,0.836,0.595,0.749,0.748,0.808,0.667,0.677,1,6.00000,44.00000,28.00000,133.00000,1,1,1,1,,,,,,,,,,,1072578.000,1114986.000,1052700.000,1185675.000,1223330.000,138,123,271,15,27,298,0,0,0,0,0,0,0,37,35,2,662930,642467,761869,822712,1017025,1000902,1458946,1522462,1890400,1979601,1031118,1166458,1096161,0.638,,1113420,Centro de Formación Técnica
Agropecuaria,Técnico Agropecuario,0.483,0.551,997009,4.60,6.70,0.413,0.505,0.490,0.438,0.509,0.527,0.560,0.596,0.534,0.538,1,197.00000,1379.00000,61.00000,1181.00000,2,2,2,1,,,,,,,,,,,949434.000,933116.000,981849.000,971452.000,1054268.000,1428,683,1426,745,1639,3065,0,0,0,0,0,0,0,1094,515,579,551775,578709,636630,700736,755239,907311,958329,1208673,1345623,1630050,847957,1031961,884213,0.665,,935086,Centro de Formación Técnica
Educación,Técnico Asistente del Educador de Párvulos,0.350,0.449,688296,5.00,6.10,0.326,0.308,0.390,0.344,0.303,0.459,0.411,0.450,0.456,0.441,1,338.00000,4698.00000,47.00000,3973.00000,3,7,3,1,,,,,,,,,,,699656.000,694307.000,674155.000,684156.000,712168.000,3985,3967,10206,18,30,10236,0,0,0,0,0,0,0,2501,2495,6,524986,536430,554594,585010,618218,686243,724572,798552,846621,929580,644644,711830,669809,0.725,,677572,Centro de Formación Técnica
Educación,Técnico Asistente del Educador Diferencial,0.320,0.440,655974,5.00,6.40,0.279,0.228,0.325,0.348,0.286,0.499,0.366,0.390,0.446,0.466,1,127.00000,2096.00000,25.00000,1739.00000,4,7,4,1,,,,,,,,,,,698602.000,678993.000,641607.000,649440.000,686905.000,1715,1654,4414,61,156,4570,0,0,0,0,0,0,0,1105,1065,40,524841,535403,558425,569860,612891,647272,715889,770456,841848,955081,620473,708506,646879,0.742,,655864,Centro de Formación Técnica
Salud,Técnico Dental y Asistente de Odontología,0.540,0.590,764440,5.00,6.10,0.291,0.562,0.612,0.531,0.455,0.402,0.595,0.606,0.587,0.587,1,96.00000,1289.00000,14.00000,1340.00000,5,9,5,1,,,,,,,,,,,768186.000,784931.000,770937.000,747838.000,781639.000,1093,914,2478,179,392,2870,0,0,0,0,0,0,0,825,735,90,533958,546147,569097,632402,625593,740415,712310,857914,817939,1027054,657951,801110,694370,0.721,,725073,Centro de Formación Técnica
Agropecuaria,Técnico en Acuicultura y Pesca,0.851,0.868,1431509,5.00,6.60,,,,,,,,,,,1,1.00000,162.00000,1.00000,170.00000,6,2,6,1,,,,,,,,,,,,,,,,166,67,163,99,191,354,0,0,0,0,0,0,0,67,26,41,693680,781244,856532,975926,1221749,1399105,1599006,1755713,2076737,1940236,1303716,1528200,1361160,0.837,,1485977,Centro de Formación Técnica
Administración y Comercio,Técnico en Administración de Empresas,0.618,0.680,1191714,4.50,6.30,0.588,0.647,0.632,0.616,0.604,0.661,0.689,0.731,0.657,0.665,1,342.00000,4658.00000,335.00000,4850.00000,7,1,7,1,,,,,,,,,,,1300312.000,1235202.000,1199352.000,1178422.000,1199366.000,6068,3808,7873,2260,4444,12317,0,0,0,0,0,0,0,3401,2229,1172,566007,627221,670651,793214,851124,1062350,1125683,1479039,1478676,2062576,971478,1266311,1037094,0.674,,1094559,Centro de Formación Técnica
Administración y Comercio,Técnico en Administración de Recursos Humanos y Personal,0.691,0.725,1075790,5.00,5.90,0.616,0.673,0.695,0.690,0.686,0.642,0.687,0.763,0.716,0.701,1,56.00000,417.00000,16.00000,428.00000,8,1,8,1,,,,,,,,,,,1053647.000,1132616.000,1064267.000,1037240.000,1136249.000,519,413,1010,106,218,1228,0,0,0,0,0,0,0,363,314,49,604154,607446,712400,777992,895151,957175,1182178,1297152,1587418,1728552,974163,1161149,1011204,0.691,,1008673,Centro de Formación Técnica
Administración y Comercio,Técnico en Administración Financiera y Finanzas,0.809,0.797,1233962,4.60,6.00,,,,,,,,,,,1,0.00000,2.00000,1.00000,3.00000,9,1,9,1,,,,,,,,,,,,,,,,0,0,4,0,4,8,0,0,0,0,0,0,0,86,43,43,642926,591189,994740,805636,1219216,1048509,1397132,1314782,2247518,1752210,1295939,1327012,1345145,0.563,,1252038,Centro de Formación Técnica
Ciencias Sociales,Técnico en Administración Pública o Municipal,0.743,0.784,1298737,5.00,5.60,0.793,0.794,0.677,0.761,0.768,0.894,0.840,0.807,0.712,0.812,1,50.00000,898.00000,21.00000,788.00000,10,5,10,1,,,,,,,,,,,1175162.000,1324227.000,1375289.000,1311427.000,1234720.000,1242,935,1864,307,683,2547,0,0,0,0,0,0,0,452,343,109,604051,718208,685075,916595,906042,1171554,1198803,1672919,1607091,2056503,1061381,1366383,1127267,0.645,,1207582,Centro de Formación Técnica
Administración y Comercio,Técnico en Comercio Exterior,0.746,0.763,1176620,4.50,6.90,0.655,0.680,0.776,0.737,0.729,0.711,0.772,0.793,0.753,0.756,1,48.00000,340.00000,72.00000,596.00000,11,1,11,1,,,,,,,,,,,1231966.000,1214131.000,1184596.000,1153803.000,1188367.000,683,412,743,271,514,1257,0,0,0,0,0,0,0,334,190,144,648584,711504,760117,875283,966256,1121893,1282534,1459894,1736029,1987481,1024402,1274967,1092165,0.674,,1122974,Centro de Formación Técnica
Tecnología,Técnico en Computación e Informática,0.665,0.770,1560874,4.50,7.10,0.650,0.663,0.717,0.655,0.635,0.734,0.754,0.823,0.772,0.744,1,215.00000,2241.00000,237.00000,2749.00000,12,10,12,1,,,,,,,,,,,1583102.000,1471266.000,1515520.000,1600204.000,1561288.000,2871,501,944,2370,4970,5914,0,0,0,0,0,0,0,1276,175,1101,588571,684419,685054,957156,884536,1446515,1166296,2176641,1773434,3080814,1070899,1676016,1223995,0.690,,1400911,Centro de Formación Técnica
Tecnología,Técnico en Construcción y Obras Civiles,0.644,0.669,1237890,4.50,6.70,0.535,0.656,0.662,0.620,0.649,0.613,0.658,0.729,0.639,0.646,1,202.00000,1689.00000,40.00000,1617.00000,13,10,13,1,,,,,,,,,,,1198697.000,1232341.000,1235260.000,1220721.000,1265686.000,2033,373,702,1660,3445,4147,0,0,0,0,0,0,0,1314,276,1038,594278,612192,717642,800160,988839,1100178,1414858,1556050,2036719,2168328,1141726,1348676,1157125,0.611,,1196222,Centro de Formación Técnica
Administración y Comercio,Técnico en Contabilidad General,0.679,0.732,1232363,4.60,6.30,0.596,0.692,0.705,0.673,0.658,0.723,0.703,0.761,0.733,0.711,1,89.00000,790.00000,27.00000,859.00000,14,1,14,1,,,,,,,,,,,1215815.000,1225134.000,1262827.000,1211472.000,1214452.000,935,593,1434,342,775,2209,0,0,0,0,0,0,0,809,543,266,583911,651168,670866,804818,828682,1118239,1127729,1549528,1518728,2195138,969101,1310022,1039727,0.728,,1113651,Centro de Formación Técnica
Educación,"Técnico en Deporte, Recreación y Preparación Física",0.379,0.436,857458,5.00,6.50,0.233,0.301,0.363,0.378,0.392,0.308,0.398,0.462,0.443,0.427,1,187.00000,1893.00000,197.00000,2447.00000,15,7,15,1,,,,,,,,,,,865939.000,919185.000,847287.000,844409.000,930385.000,2141,500,1240,1641,3771,5011,0,0,0,0,0,0,0,928,244,684,542543,544797,602862,643100,749367,841469,946098,1043953,1296918,1361864,800713,934993,827048,0.742,,891696,Centro de Formación Técnica
Tecnología,Técnico en Electricidad y Electricidad Industrial,0.781,0.806,1424112,4.90,6.70,0.671,0.757,0.790,0.766,0.787,0.732,0.791,0.813,0.808,0.800,1,430.00000,2875.00000,56.00000,2513.00000,16,10,16,1,,,,,,,,,,,1229648.000,1351911.000,1375227.000,1434720.000,1482024.000,3351,271,453,3080,6262,6715,0,0,0,0,0,0,0,1381,59,1322,635561,737405,797696,930277,1069167,1274233,1504235,1810423,2279857,2596820,1300869,1483160,1358029,0.681,,1401814,Centro de Formación Técnica
Tecnología,Técnico en Electrónica y Electrónica Industrial,0.716,0.770,1212598,4.00,6.70,0.616,0.717,0.746,0.702,0.692,0.682,0.753,0.833,0.754,0.761,1,13.00000,45.00000,8.00000,83.00000,17,10,17,1,,,,,,,,,,,1093498.000,1088645.000,1218386.000,1185021.000,1243956.000,95,5,9,90,153,162,0,0,0,0,0,0,0,71,2,69,575339,666781,644005,895312,761638,1176492,1057111,1775000,1707914,2092703,954301,1254984,1060745,0.680,,1084977,Centro de Formación Técnica
Salud,Técnico en Enfermería,0.621,0.705,900953,5.00,6.10,0.671,0.774,0.724,0.598,0.540,0.732,0.818,0.755,0.715,0.661,1,724.00000,9623.00000,122.00000,9644.00000,18,9,18,1,,,,,,,,,,,894117.000,938524.000,898847.000,886797.000,925838.000,9000,7749,19275,1250,3313,22589,0,0,0,0,0,0,0,4930,4204,726,546853,624006,609818,744362,715852,886788,854925,1041229,1016498,1239402,771933,930596,830292,0.751,,868775,Centro de Formación Técnica
Salud,Técnico en Farmacia,0.793,0.804,1031249,4.90,6.00,0.779,0.796,0.742,0.801,0.817,0.831,0.897,0.873,0.767,0.810,1,105.00000,1111.00000,34.00000,1328.00000,19,9,19,1,,,,,,,,,,,1003204.000,1060801.000,1050737.000,951631.000,1051365.000,1369,1091,2621,278,629,3250,0,0,0,0,0,0,0,703,569,134,623386,689246,720178,777674,889935,897369,1109349,1106446,1319581,1284613,917186,1043844,959264,0.681,,975910,Centro de Formación Técnica
Administración y Comercio,Técnico en Gastronomía y Cocina,0.421,0.488,827987,4.30,6.50,0.200,0.366,0.450,0.427,0.394,0.270,0.378,0.500,0.503,0.471,1,353.00000,3863.00000,361.00000,4828.00000,20,1,20,1,,,,,,,,,,,770320.000,813714.000,818539.000,833945.000,836127.000,4899,2818,5662,2081,4419,10081,0,0,0,0,0,0,0,2843,1674,1169,537587,550266,586530,625748,675522,766531,815011,954277,987776,1283831,736381,861332,777621,0.772,,792177,Centro de Formación Técnica
Ciencias Básicas,Técnico en Geominería,0.708,0.735,1271889,,,,,,,,,,,,,1,1.00000,58.00000,8.00000,64.00000,21,4,21,1,,,,,,,,,,,,,,,,67,27,55,40,85,140,0,0,0,0,0,0,0,21,6,15,663420,749819,727010,837902,999083,1137215,1282037,1581850,3075951,2086258,1150747,1374155,1178896,0.739,,1360337,Centro de Formación Técnica
Tecnología,"Técnico en Instrumentación, Automatización y Control Industrial",0.801,0.841,1589994,4.20,7.30,0.711,0.776,0.824,0.784,0.794,0.781,0.850,0.871,0.836,0.828,1,124.00000,698.00000,37.00000,879.00000,22,10,22,1,,,,,,,,,,,1506205.000,1569642.000,1530423.000,1560103.000,1705845.000,958,132,236,826,1662,1898,0,0,0,0,0,0,0,751,55,696,637834,809539,802282,1061413,1087810,1463897,1478249,1982532,2122019,2868622,1283347,1724278,1445243,0.658,,1521182,Centro de Formación Técnica
Salud,Técnico en Laboratorio Clínico,0.613,0.708,848897,5.00,6.00,0.549,0.730,0.688,0.620,0.529,0.640,0.807,0.786,0.661,0.720,1,31.00000,523.00000,13.00000,685.00000,23,9,23,1,,,,,,,,,,,857096.000,867670.000,859254.000,829695.000,858734.000,416,330,1099,86,272,1371,0,0,0,0,0,0,0,387,319,68,544390,609751,598669,724011,663797,837206,790112,988778,880210,1182225,717824,883270,763082,0.790,,807895,Centro de Formación Técnica
Administración y Comercio,Técnico en Logística,0.744,0.780,1342105,4.60,5.80,0.650,0.771,0.763,0.731,0.739,0.753,0.757,0.801,0.777,0.768,1,207.00000,2013.00000,55.00000,2004.00000,24,1,24,1,,,,,,,,,,,1323194.000,1402732.000,1380482.000,1357925.000,1289232.000,2564,1245,2485,1319,2647,5132,0,0,0,0,0,0,0,1099,473,626,592497,688632,723407,898520,920303,1237673,1245643,1765322,1665355,2526576,1086249,1444886,1168231,0.678,,1244568,Centro de Formación Técnica
Tecnología,Técnico en Mantenimiento Industrial,0.807,0.844,1475778,4.30,6.70,0.672,0.775,0.851,0.777,0.795,0.758,0.812,0.865,0.856,0.816,1,320.00000,2191.00000,54.00000,1609.00000,25,10,25,1,,,,,,,,,,,1492919.000,1406677.000,1490255.000,1390964.000,1598153.000,2296,357,652,1939,3842,4494,0,0,0,0,0,0,0,1224,102,1122,647731,729498,808838,949243,1093048,1331286,1505784,1755293,2214999,2490644,1293137,1543825,1369760,0.714,,1415587,Centro de Formación Técnica
Tecnología,Técnico en Mecánica Automotriz,0.724,0.753,1293449,4.10,6.90,0.532,0.660,0.742,0.692,0.735,0.642,0.690,0.760,0.751,0.749,1,446.00000,3073.00000,111.00000,3335.00000,26,10,26,1,,,,,,,,,,,1171992.000,1268273.000,1308038.000,1263478.000,1319517.000,3928,293,524,3635,6809,7333,0,0,0,0,0,0,0,2053,104,1949,583270,643229,732385,848510,1015229,1174129,1414207,1624732,1930919,2216445,1138606,1388591,1181261,0.691,,1235133,Centro de Formación Técnica
Tecnología,Técnico en Mecánica Industrial,0.880,0.870,1593798,5.00,6.40,0.679,0.903,0.919,0.872,0.840,0.788,0.848,0.861,0.895,0.848,1,8.00000,523.00000,10.00000,449.00000,27,10,27,1,,,,,,,,,,,1522090.000,1587556.000,1568268.000,1540163.000,1783261.000,492,34,81,458,993,1074,0,0,0,0,0,0,0,221,12,209,633133,696787,930638,981326,1397111,1401514,2069172,1930284,3032877,2520974,1593346,1667794,1660212,0.602,,1625274,Centro de Formación Técnica
Tecnología,Técnico en Metalurgia,0.869,0.886,2602565,4.00,7.30,0.727,0.923,0.862,0.877,0.868,0.824,0.743,0.925,0.905,0.847,1,3.00000,129.00000,8.00000,41.00000,28,10,28,1,,,,,,,,,,,,,,,,117,64,107,53,95,202,0,0,0,0,0,0,0,92,44,48,703808,948141,893224,1164996,1204101,1615867,2290875,2563397,3614339,4683389,1937004,2367301,2401454,0.455,,2361626,Centro de Formación Técnica
Tecnología,Técnico en Minería,0.810,0.833,1868826,4.40,7.10,0.658,0.722,0.804,0.853,0.777,0.720,0.778,0.853,0.830,0.828,1,59.00000,942.00000,26.00000,649.00000,29,10,29,1,,,,,,,,,,,1491971.000,1883214.000,1794153.000,1783965.000,2175082.000,982,383,745,599,1123,1868,0,0,0,0,0,0,0,332,100,232,643035,730699,873619,1044910,1276351,1510227,2206100,2619480,3384228,4413661,1591180,2038466,1759119,0.643,,1815578,Centro de Formación Técnica
Salud,Técnico en Podología,0.423,0.505,894943,5.00,6.10,0.400,0.446,0.474,0.422,0.395,0.420,0.463,0.490,0.566,0.477,1,49.00000,494.00000,5.00000,601.00000,30,9,30,1,,,,,,,,,,,877790.000,923776.000,836055.000,961174.000,906248.000,708,666,1715,42,112,1827,0,0,0,0,0,0,0,472,449,23,538824,573631,678739,685132,832566,833471,1087843,1047886,1481046,1646585,901724,921757,913561,0.829,,944935,Centro de Formación Técnica
Tecnología,Técnico en Prevención de Riesgos,0.708,0.680,1154535,4.50,8.40,0.472,0.572,0.623,0.664,0.775,0.541,0.665,0.688,0.657,0.706,1,48.00000,826.00000,21.00000,720.00000,31,10,31,1,,,,,,,,,,,1039088.000,1077123.000,1140063.000,1154223.000,1219125.000,1126,684,1128,442,786,1914,0,0,0,0,0,0,0,160,74,86,665278,636921,865268,792591,1174649,1057909,1685084,1483415,2205037,2085532,1223006,1204052,1121425,0.571,,1132347,Centro de Formación Técnica
Arte y Arquitectura,Técnico en Producción Gráfica y Multimedia,0.379,0.419,874814,4.00,7.30,0.206,0.234,0.383,0.304,0.433,0.357,0.362,0.359,0.475,0.406,1,0.00000,6.00000,0.00000,9.00000,32,3,32,1,,,,,,,,,,,857808.000,830677.000,951673.000,814625.000,860279.000,0,0,7,0,8,15,0,0,0,0,0,0,0,216,113,103,560161,550218,606452,618524,741600,722821,946312,949080,1113343,1166567,805809,835477,853247,,,860557,Centro de Formación Técnica
Ciencias Básicas,Técnico en Química (Análisis e Industrial),0.757,0.812,1118996,5.10,8.80,0.635,0.784,0.757,0.783,0.718,0.694,0.701,0.808,0.799,0.829,1,41.00000,75.00000,7.00000,122.00000,33,4,33,1,,,,,,,,,,,1124151.000,1181266.000,1117353.000,1116318.000,1125553.000,107,70,170,37,98,268,0,0,0,0,0,0,0,66,43,23,611811,679015,700545,842233,792425,1031802,988752,1303872,1529947,1536970,907318,1202043,1013821,0.769,,1038415,Centro de Formación Técnica
Salud,Técnico en Radiología y Radioterapia,0.714,0.763,873354,5.00,5.60,0.549,0.769,0.739,0.840,0.600,0.697,0.906,0.736,0.771,0.780,1,11.00000,65.00000,2.00000,102.00000,34,9,34,1,,,,,,,,,,,842721.000,898953.000,811878.000,887958.000,895352.000,76,50,155,26,63,218,0,0,0,0,0,0,0,58,43,15,600194,639148,688354,733889,748349,918257,865996,1050233,968898,1215149,762120,906970,831152,0.635,,843271,Centro de Formación Técnica
Tecnología,Técnico en Refrigeración y Climatización,0.730,0.835,1196740,4.20,7.00,0.557,0.841,0.753,0.574,0.816,0.716,0.767,0.818,0.884,0.776,1,40.00000,163.00000,4.00000,221.00000,35,10,35,1,,,,,,,,,,,1120707.000,1216315.000,1214907.000,1054631.000,1406269.000,287,8,19,279,469,488,0,0,0,0,0,0,0,94,6,88,655126,628621,749488,772891,958410,1025732,1286548,1363327,1637672,2175439,1051435,1239814,1056251,0.667,,1137022,Centro de Formación Técnica
Ciencias Sociales,Técnico en Servicio Social,0.453,0.507,858348,5.00,5.80,0.440,0.410,0.445,0.468,0.446,0.569,0.515,0.527,0.507,0.495,1,67.00000,1312.00000,16.00000,1177.00000,36,5,36,1,,,,,,,,,,,809039.000,836936.000,864521.000,858597.000,853557.000,1397,1196,3067,201,479,3546,0,0,0,0,0,0,0,839,735,104,540387,578297,603092,651604,728287,806275,925571,1102175,1260392,1400988,816250,899060,817256,0.684,,808573,Centro de Formación Técnica
Tecnología,Técnico en Telecomunicaciones,0.744,0.807,1267322,4.00,7.70,0.643,0.758,0.754,0.727,0.747,0.730,0.786,0.858,0.790,0.787,1,34.00000,158.00000,17.00000,254.00000,37,10,37,1,,,,,,,,,,,1141902.000,1223215.000,1203341.000,1244948.000,1418731.000,239,41,63,198,438,501,0,0,0,0,0,0,0,276,24,252,637478,713352,743425,888258,1044339,1166539,1451933,1605827,2217204,2306598,1109263,1335674,1118687,0.705,,1167787,Centro de Formación Técnica
Tecnología,Técnico en Topografía,0.639,0.702,1317909,4.50,6.90,0.572,0.675,0.683,0.600,0.632,0.686,0.760,0.730,0.712,0.672,1,25.00000,333.00000,12.00000,360.00000,38,10,38,1,,,,,,,,,,,1206459.000,1383044.000,1344970.000,1345286.000,1223984.000,325,72,172,253,624,796,0,0,0,0,0,0,0,350,78,272,625225,658183,760647,895320,1031874,1277952,1389211,1797270,2054468,2268014,1100915,1417890,1126007,0.705,,1257151,Centro de Formación Técnica
Administración y Comercio,Técnico en Turismo y Hotelería,0.407,0.463,811174,4.40,7.20,0.183,0.285,0.419,0.393,0.409,0.216,0.330,0.471,0.454,0.467,1,67.00000,847.00000,61.00000,1065.00000,39,1,39,1,,,,,,,,,,,903535.000,849543.000,791160.000,800695.000,851762.000,1114,752,1433,362,733,2166,0,0,0,0,0,0,0,619,415,204,537911,551174,588298,625351,700121,786544,854998,983713,1075734,1276618,740146,874597,769889,0.718,,792098,Centro de Formación Técnica
Derecho,Técnico Jurídico,0.503,0.588,939243,5.00,6.30,0.368,0.576,0.512,0.497,0.500,0.613,0.570,0.632,0.571,0.590,1,25.00000,331.00000,8.00000,468.00000,40,6,40,1,,,,,,,,,,,1021713.000,1012545.000,915120.000,963761.000,945113.000,371,297,773,74,222,995,0,0,0,0,0,0,0,261,202,59,546351,581589,647657,712452,795861,955618,972799,1203768,1222338,1475472,844351,1002807,891182,0.688,,911715,Centro de Formación Técnica
Salud,Técnico Laboratorista Dental,0.451,0.538,800264,5.00,6.20,0.169,0.516,0.536,0.528,0.298,0.204,0.494,0.515,0.527,0.559,1,16.00000,257.00000,7.00000,334.00000,41,9,41,1,,,,,,,,,,,,,,,,260,214,534,46,131,665,0,0,0,0,0,0,0,151,113,38,542143,536938,551183,631007,654263,757906,795830,957999,962879,1223139,703440,859587,771560,0.815,,782357,Centro de Formación Técnica
Agropecuaria,Técnico Veterinario,0.431,0.511,814305,5.00,6.40,0.392,0.391,0.492,0.443,0.384,0.497,0.607,0.536,0.523,0.493,1,179.00000,1318.00000,47.00000,1596.00000,42,2,42,1,,,,,,,,,,,878305.000,838615.000,818054.000,822542.000,791405.000,1337,1053,2598,284,697,3295,0,0,0,0,0,0,0,639,512,127,539582,537058,582714,597888,676610,771503,793326,900723,994325,1165616,710402,839576,743009,0.793,,796763,Centro de Formación Técnica
Arte y Arquitectura,Actuación y Teatro,0.214,0.295,849782,8.00,9.50,,,,,,,,,,,1,14.00000,108.00000,50.00000,258.00000,43,3,43,2,,,,,,,,,,,,,,,,92,67,290,25,155,445,0,0,0,0,0,0,0,66,37,29,525282,601075,589287,746143,619586,914795,773059,1094692,857990,1293080,657984,868900,756370,0.729,0.635,727385,Instituto Profesional
Administración y Comercio,Administración de Empresas e Ing. Asociadas,0.811,0.841,1547074,8.10,10.20,0.778,0.807,0.824,0.807,0.803,0.810,0.838,0.861,0.837,0.827,1,1070.00000,9109.00000,623.00000,10841.00000,44,1,44,2,,,,,,,,,,,1490117.000,1585066.000,1538763.000,1526867.000,1575612.000,6814,4262,16933,2552,9739,26672,0,0,0,0,0,0,0,4540,3073,1467,642370,736592,822466,979948,1127919,1377977,1633879,1946928,2320863,2626144,1328109,1602419,1407779,0.712,0.561,1480552,Instituto Profesional
Administración y Comercio,Administración Gastronómica,0.497,0.559,941593,8.00,10.40,0.204,0.465,0.512,0.503,0.476,0.309,0.478,0.597,0.535,0.567,1,394.00000,2519.00000,588.00000,4382.00000,45,1,45,2,,,,,,,,,,,931446.000,867421.000,900148.000,963506.000,968037.000,1753,978,4425,775,3715,8140,0,0,0,0,0,0,0,1073,609,464,541527,563981,590569,647793,681816,806389,819402,1140025,1025328,1542821,732456,954519,768802,0.847,0.735,854800,Instituto Profesional
Ciencias Sociales,Administración Pública,0.982,0.988,2136593,8.10,9.10,0.990,0.994,0.993,0.971,0.981,0.986,0.986,0.991,0.992,0.982,1,198.00000,1667.00000,75.00000,1921.00000,46,5,46,2,,,,,,,,,,,2190406.000,2210603.000,2117528.000,2107958.000,2166083.000,1837,1122,3902,715,2516,6418,0,0,0,0,0,0,0,823,531,292,1021349,1295023,1298770,1726353,1695833,2053074,2154539,2473737,2660995,2853525,1856173,2170176,1956290,0.749,0.616,2041869,Instituto Profesional
Administración y Comercio,Administración Turística y Hotelera,0.479,0.566,988995,8.00,10.10,0.183,0.313,0.497,0.465,0.475,0.330,0.430,0.569,0.567,0.564,1,165.00000,1147.00000,224.00000,2397.00000,47,1,47,2,,,,,,,,,,,938636.000,965102.000,934110.000,987242.000,1061425.000,1065,753,2701,312,1382,4083,0,0,0,0,0,0,0,936,673,263,543904,567950,598591,676673,741499,932000,903641,1213005,1067087,1648120,754159,1046500,827942,0.820,0.715,914384,Instituto Profesional
Arte y Arquitectura,Animación Digital,0.343,0.460,1017908,8.00,10.10,0.404,0.476,0.357,0.339,0.336,0.394,0.443,0.605,0.466,0.345,1,80.00000,479.00000,177.00000,1169.00000,48,3,48,2,,,,,,,,,,,,,,,,503,281,1003,222,943,1946,0,0,0,0,0,0,0,207,123,84,573401,640353,657952,709005,799039,912776,892752,1137899,1207801,1848049,852936,1099596,912238,0.852,0.685,981701,Instituto Profesional
Arte y Arquitectura,Comunicación Audiovisual y/o Multimedia,0.471,0.570,1052418,8.00,9.40,0.332,0.464,0.506,0.541,0.379,0.444,0.547,0.574,0.568,0.571,1,101.00000,668.00000,156.00000,1361.00000,49,3,49,2,,,,,,,,,,,1025616.000,989681.000,1055492.000,1055762.000,1043881.000,615,268,860,347,1506,2366,0,0,0,0,0,0,0,463,213,250,564885,621313,654172,754544,772729,988307,956697,1359550,1206631,1748469,795410,1107773,885978,0.820,0.732,996242,Instituto Profesional
Tecnología,Construcción Civil,0.740,0.778,1576832,8.00,11.40,0.695,0.769,0.760,0.742,0.710,0.768,0.796,0.809,0.768,0.759,1,588.00000,3293.00000,118.00000,3937.00000,50,10,50,2,,,,,,,,,,,1512512.000,1597825.000,1625673.000,1554559.000,1549486.000,1992,397,1774,1595,7364,9138,0,0,0,0,0,0,0,1490,327,1163,613105,698392,755150,1022161,1023553,1443468,1408006,2041406,2014279,2783484,1249930,1657579,1371953,0.680,0.551,1466100,Instituto Profesional
Administración y Comercio,Contador Auditor,0.840,0.862,1511981,8.20,10.10,0.803,0.808,0.838,0.858,0.821,0.824,0.859,0.874,0.858,0.858,1,849.00000,3703.00000,183.00000,5974.00000,51,1,51,2,,,,,,,,,,,1532369.000,1571740.000,1517422.000,1529978.000,1484242.000,3145,1953,8041,1192,4895,12936,0,0,0,0,0,0,0,2092,1372,720,634073,761613,769966,1022771,999393,1432590,1414952,1966288,2046856,2638966,1236725,1617556,1322220,0.748,0.626,1423625,Instituto Profesional
Arte y Arquitectura,Diseño de Ambientes e Interiores,0.449,0.524,974895,8.00,9.70,0.325,0.328,0.490,0.342,0.495,0.512,0.458,0.557,0.571,0.439,1,36.00000,190.00000,107.00000,570.00000,52,3,52,2,,,,,,,,,,,987472.000,1136611.000,996011.000,979749.000,932913.000,324,274,817,50,129,946,0,0,0,0,0,0,0,143,128,15,549213,575994,605914,705619,730246,966880,869103,1169643,1062460,1898692,796958,1104677,835788,0.845,0.756,955141,Instituto Profesional
Arte y Arquitectura,Diseño de Vestuario,0.369,0.481,1005739,8.00,10.20,0.233,0.286,0.420,0.319,0.380,0.400,0.469,0.530,0.510,0.438,1,62.00000,405.00000,163.00000,867.00000,53,3,53,2,,,,,,,,,,,950564.000,1147256.000,1049852.000,930592.000,1066099.000,399,294,1278,105,295,1573,0,0,0,0,0,0,0,218,193,25,569960,659942,621283,743984,708901,920683,900794,1156409,1133372,1733643,814958,1088024,877750,0.757,0.667,964362,Instituto Profesional
Arte y Arquitectura,Diseño Gráfico,0.431,0.543,1028446,8.00,10.20,0.408,0.473,0.481,0.454,0.368,0.492,0.599,0.605,0.508,0.527,1,278.00000,1861.00000,323.00000,3581.00000,54,3,54,2,,,,,,,,,,,1058450.000,1022010.000,1021184.000,1073031.000,983924.000,1541,934,3781,607,2589,6370,0,0,0,0,0,0,0,857,505,352,532696,566582,600397,706987,722324,897878,877468,1227378,1171239,1716205,802959,1084982,860783,0.795,0.665,939421,Instituto Profesional
Tecnología,Diseño Industrial,0.502,0.624,1092149,8.00,9.50,0.337,0.457,0.568,0.482,0.433,0.500,0.663,0.592,0.664,0.598,1,28.00000,170.00000,103.00000,387.00000,55,10,55,2,,,,,,,,,,,1013132.000,1103049.000,1147517.000,1011470.000,1109886.000,176,107,376,69,334,710,0,0,0,0,0,0,0,109,54,55,550994,651792,601156,781961,751414,945842,839200,1152527,991589,1691242,828271,1168453,905884,0.852,0.726,985750,Instituto Profesional
Salud,Fonoaudiología,0.449,0.610,996600,10.00,13.10,,,,,,,,,,,1,17.00000,190.00000,5.00000,412.00000,56,9,56,2,,,,,,,,,,,,,,,,164,149,586,15,54,640,0,0,0,0,0,0,0,89,77,12,541261,596541,579622,759762,712190,906513,1028730,1172216,1355631,1501554,834538,1047771,906054,0.628,0.539,1041223,Instituto Profesional
Agropecuaria,Ingeniería Agrícola,0.599,0.684,1175684,8.00,10.30,0.503,0.603,0.646,0.593,0.565,0.639,0.658,0.707,0.682,0.670,1,375.00000,1503.00000,110.00000,2160.00000,57,2,57,2,,,,,,,,,,,1199214.000,1172168.000,1203808.000,1149052.000,1173391.000,907,404,1874,503,2448,4322,0,0,0,0,0,0,0,863,427,436,565018,624186,658282,802823,830191,1038667,1092359,1469401,1528847,1955950,953106,1244042,1028594,0.813,0.718,1091447,Instituto Profesional
Tecnología,"Ingeniería en Automatización, Instrumentación y Control",0.913,0.916,2951835,8.00,10.10,0.935,0.880,0.968,0.901,0.913,0.897,1.000,0.920,0.967,0.902,1,447.00000,1810.00000,80.00000,1865.00000,58,10,58,2,,,,,,,,,,,,,,,,1438,156,441,1282,4707,5148,0,0,0,0,0,0,0,714,52,662,761583,1133007,1023143,1340879,1393726,2635086,2114280,4062916,4036760,4864250,1932362,2563819,2256571,0.721,0.580,3045029,Instituto Profesional
Administración y Comercio,Ingeniería en Comercio Exterior,0.816,0.855,1535666,8.00,10.00,0.708,0.820,0.849,0.825,0.777,0.783,0.872,0.888,0.862,0.832,1,318.00000,1226.00000,203.00000,2555.00000,59,1,59,2,,,,,,,,,,,1578911.000,1436511.000,1633616.000,1527078.000,1453449.000,1766,1140,2915,626,1980,4895,0,0,0,0,0,0,0,630,366,264,640299,768229,750393,975953,913955,1382665,1210772,1962140,1611397,2633156,1115462,1701102,1252684,0.807,0.667,1385444,Instituto Profesional
Tecnología,Ingeniería en Computación e Informática,0.821,0.897,1993042,8.00,9.90,0.836,0.843,0.874,0.834,0.765,0.886,0.894,0.924,0.902,0.872,1,1411.00000,7866.00000,1027.00000,14050.00000,60,10,60,2,,,,,,,,,,,1861847.000,1939487.000,2036195.000,1977534.000,1966678.000,7298,1143,3572,6155,22973,26545,0,0,0,0,0,0,0,2225,303,1922,655883,914978,822374,1272904,1148680,1888732,1705550,2607899,2496198,3535842,1440030,2122851,1636353,0.778,0.665,1812537,Instituto Profesional
Tecnología,Ingeniería en Conectividad y Redes,0.862,0.914,1787440,8.00,9.80,0.845,0.890,0.865,0.880,0.844,0.903,0.905,0.939,0.905,0.909,1,378.00000,1594.00000,145.00000,3019.00000,61,10,61,2,,,,,,,,,,,2000634.000,1816464.000,1907424.000,1700561.000,1720903.000,1952,260,653,1692,5284,5937,0,0,0,0,0,0,0,705,64,641,677004,816617,797784,1159588,1032110,1582229,1630450,2265551,2538369,2900725,1320656,1942906,1432819,0.710,0.605,1528801,Instituto Profesional
Tecnología,Ingeniería en Construcción,0.682,0.743,1445255,8.10,10.40,0.607,0.704,0.725,0.682,0.631,0.711,0.746,0.787,0.736,0.714,1,467.00000,2289.00000,123.00000,3458.00000,62,10,62,2,,,,,,,,,,,1449423.000,1479805.000,1521513.000,1398280.000,1412341.000,1672,318,1357,1354,6176,7533,0,0,0,0,0,0,0,1280,287,993,560415,681365,688406,944044,905081,1373917,1188200,1849076,1584510,2395827,1077330,1547895,1205872,0.769,0.657,1304611,Instituto Profesional
Tecnología,Ingeniería en Electricidad,0.860,0.893,1816975,8.00,10.60,0.742,0.819,0.867,0.863,0.852,0.855,0.850,0.901,0.905,0.876,1,1570.00000,5324.00000,155.00000,6660.00000,63,10,63,2,,,,,,,,,,,1903431.000,1837573.000,1778380.000,1820586.000,1846954.000,3929,290,864,3639,14970,15834,0,0,0,0,0,0,0,1888,85,1803,691811,921704,866459,1260600,1164776,1682097,1656382,2352610,2493705,3410880,1412926,1972284,1534298,0.781,0.657,1658662,Instituto Profesional
Administración y Comercio,Ingeniería en Finanzas,0.783,0.826,1634437,8.20,9.80,0.777,0.743,0.873,0.783,0.753,0.830,0.859,0.829,0.862,0.803,1,334.00000,1323.00000,201.00000,2831.00000,64,1,64,2,,,,,,,,,,,1811935.000,1817936.000,1659129.000,1603020.000,1650743.000,1330,734,2840,596,2349,5189,0,0,0,0,0,0,0,1186,762,424,611187,791250,726013,1146281,969660,1659672,1374910,2048111,1944199,2501316,1296692,1706883,1483553,0.775,0.673,1550597,Instituto Profesional
Ciencias Básicas,Ingeniería en Geomensura y Cartografía,0.801,0.846,1648680,8.00,12.10,0.730,0.781,0.843,0.737,0.815,0.714,0.901,0.873,0.862,0.820,1,31.00000,404.00000,15.00000,437.00000,65,4,65,2,,,,,,,,,,,,,,,,98,18,205,80,926,1131,0,0,0,0,0,0,0,152,64,88,685806,788533,892473,1242451,1365522,1578617,1966729,1995646,2624199,2551063,1432925,1769714,1447598,0.642,0.435,1573502,Instituto Profesional
Ciencias Sociales,Ingeniería en Gestión Pública,0.921,0.926,1722706,8.00,9.40,0.918,0.874,0.932,0.932,0.898,0.912,0.936,0.934,0.949,0.907,1,23.00000,351.00000,8.00000,331.00000,66,5,66,2,,,,,,,,,,,1743061.000,1686954.000,1660541.000,1737832.000,1766759.000,220,134,798,86,409,1207,0,0,0,0,0,0,0,243,161,82,809821,897341,998616,1284069,1382356,1611284,1837573,2191990,2606511,2781496,1505040,1789244,1581657,0.623,0.469,1635691,Instituto Profesional
Administración y Comercio,Ingeniería en Logística,0.848,0.891,1776995,8.00,9.60,0.827,0.871,0.923,0.850,0.807,0.878,0.893,0.914,0.912,0.868,1,850.00000,3745.00000,152.00000,5803.00000,67,1,67,2,,,,,,,,,,,1745474.000,1648092.000,1688095.000,1773759.000,1851412.000,3458,1502,5132,1956,7129,12261,0,0,0,0,0,0,0,1304,541,763,649272,862079,799911,1061409,1060925,1610584,1461299,2278491,2233965,2969421,1331774,1774257,1509472,0.785,0.668,1700170,Instituto Profesional
Administración y Comercio,Ingeniería en Marketing,0.622,0.730,1401678,8.00,9.40,0.567,0.626,0.672,0.610,0.578,0.707,0.699,0.783,0.727,0.691,1,192.00000,1012.00000,403.00000,2672.00000,68,1,68,2,,,,,,,,,,,1413955.000,1545669.000,1442880.000,1406290.000,1358734.000,1757,1044,2704,713,2047,4751,0,0,0,0,0,0,0,575,320,255,571079,659810,651735,890867,823136,1194609,1063889,1743475,1468441,2474366,995844,1570123,1112057,0.779,0.630,1258804,Instituto Profesional
Tecnología,Ingeniería en Mecánica Automotriz,0.797,0.838,1499061,8.00,10.60,0.667,0.714,0.817,0.801,0.773,0.750,0.773,0.850,0.841,0.828,1,1559.00000,7251.00000,574.00000,11839.00000,69,10,69,2,,,,,,,,,,,1402387.000,1492029.000,1530544.000,1445748.000,1528656.000,5674,390,1303,5284,20767,22070,0,0,0,0,0,0,0,2801,105,2696,606006,704121,732462,963506,969116,1354409,1310830,1851901,1739795,2447795,1133956,1584962,1274048,0.830,0.714,1388268,Instituto Profesional
Tecnología,Ingeniería en Medio Ambiente,0.600,0.746,1281373,8.00,10.00,0.444,0.595,0.571,0.691,0.551,0.619,0.674,0.816,0.731,0.731,1,23.00000,233.00000,31.00000,456.00000,70,10,70,2,,,,,,,,,,,1208213.000,1233302.000,1345077.000,1156505.000,1364017.000,139,80,445,59,355,800,0,0,0,0,0,0,0,181,111,70,592627,696820,689288,908465,904912,1244361,1158004,1573345,1434670,2165576,940683,1407831,1065971,0.800,0.720,1186566,Instituto Profesional
Tecnología,Ingeniería en Metalurgia,0.822,0.869,2190630,8.00,10.60,0.708,0.779,0.831,0.851,0.773,0.859,0.787,0.815,0.875,0.901,1,11.00000,382.00000,12.00000,234.00000,71,10,71,2,,,,,,,,,,,,,,,,200,83,287,117,400,687,0,0,0,0,0,0,0,104,49,55,650266,840629,774278,1243999,1157590,1755675,1875936,2660842,4105403,3983503,1694319,2262028,1929300,0.744,0.646,1858389,Instituto Profesional
Tecnología,Ingeniería en Minas,0.790,0.838,1985714,8.00,11.60,0.635,0.737,0.820,0.765,0.780,0.746,0.787,0.896,0.832,0.804,1,294.00000,2919.00000,106.00000,2217.00000,72,10,72,2,,,,,,,,,,,1931572.000,1854913.000,1826671.000,1972010.000,2202975.000,2044,660,2053,1384,4439,6492,0,0,0,0,0,0,0,521,154,367,730699,817207,981915,1204953,1289815,1755692,2085344,2666063,3226433,4223718,1565689,2113151,1719389,0.690,0.558,1838361,Instituto Profesional
Tecnología,Ingeniería en Prevención de Riesgos,0.817,0.839,1462915,8.00,11.60,0.625,0.761,0.801,0.816,0.841,0.704,0.791,0.841,0.829,0.846,1,315.00000,3144.00000,133.00000,3342.00000,73,10,73,2,,,,,,,,,,,1335173.000,1392266.000,1427739.000,1426158.000,1583338.000,2407,1326,4567,1081,4222,8789,0,0,0,0,0,0,0,1631,754,877,690411,703861,927130,942608,1344623,1339221,1927735,1833878,2563423,2489659,1464546,1494788,1502024,0.699,0.452,1449358,Instituto Profesional
Tecnología,Ingeniería en Química,0.796,0.846,1434782,8.00,11.40,0.661,0.888,0.790,0.774,0.820,0.695,0.847,0.935,0.809,0.802,1,13.00000,178.00000,9.00000,168.00000,74,10,74,2,,,,,,,,,,,1292483.000,1335238.000,1385869.000,1342503.000,1512672.000,107,64,241,43,154,395,0,0,0,0,0,0,0,100,68,32,611811,860151,744397,1118925,911651,1433615,1154560,1765455,1890233,2163342,1034074,1481366,1223168,0.787,0.689,1354261,Instituto Profesional
Administración y Comercio,Ingeniería en Recursos Humanos,0.788,0.831,1456455,8.00,9.70,0.727,0.809,0.814,0.776,0.770,0.806,0.818,0.861,0.823,0.814,1,485.00000,2150.00000,96.00000,3699.00000,75,1,75,2,,,,,,,,,,,1461418.000,1420487.000,1481254.000,1399280.000,1485004.000,2155,1744,6379,411,1682,8061,0,0,0,0,0,0,0,1293,1018,275,604159,722278,716417,959410,960832,1338432,1395039,1838895,2004942,2361296,1166738,1507750,1261888,0.757,0.633,1336107,Instituto Profesional
Tecnología,Ingeniería en Refrigeración y Climatización,0.796,0.864,1513091,8.00,11.40,0.758,0.872,0.729,0.774,0.872,0.803,0.914,0.878,0.877,0.847,1,21.00000,54.00000,6.00000,117.00000,76,10,76,2,,,,,,,,,,,1517029.000,1605305.000,1608923.000,1268355.000,1598109.000,57,7,18,50,189,207,0,0,0,0,0,0,0,66,0,66,702491,868030,786979,1053030,993913,1393318,1267947,1615586,1718344,1936592,1141275,1554698,1279455,,,1404120,Instituto Profesional
Administración y Comercio,Ingeniería en Seguridad Privada,0.993,0.991,2009189,8.00,8.50,1.000,0.996,0.996,0.990,0.993,0.993,0.992,0.986,0.998,0.988,1,174.00000,1499.00000,34.00000,1338.00000,77,1,77,2,,,,,,,,,,,,,,,,856,215,849,641,3191,4040,0,0,0,0,0,0,0,751,110,641,1434236,1643523,1504872,1648173,1648173,1851403,2015282,2370150,2570621,2664054,1826793,2077960,1889700,0.855,0.709,1943319,Instituto Profesional
Tecnología,Ingeniería en Sonido,0.443,0.556,1042136,8.00,10.00,0.200,0.378,0.391,0.534,0.405,0.392,0.362,0.551,0.522,0.586,1,72.00000,541.00000,200.00000,1172.00000,78,10,78,2,,,,,,,,,,,948755.000,952897.000,1063897.000,989938.000,1063560.000,551,47,177,504,1883,2060,0,0,0,0,0,0,0,171,15,156,538094,676152,598275,745732,724694,918246,886542,1074288,1065451,1429163,863549,1073751,953875,0.789,0.699,1001510,Instituto Profesional
Tecnología,Ingeniería en Telecomunicaciones,0.860,0.888,1751537,8.00,10.90,0.819,0.841,0.876,0.855,0.850,0.839,0.882,0.937,0.886,0.860,1,148.00000,377.00000,20.00000,607.00000,79,10,79,2,,,,,,,,,,,1599567.000,1813054.000,1765469.000,1690571.000,1805325.000,254,27,129,227,1082,1211,0,0,0,0,0,0,0,282,28,254,627048,928883,779634,1202058,1025425,1661607,1317498,2227096,1719629,2838489,1169595,1882081,1348102,0.797,0.686,1515989,Instituto Profesional
Tecnología,Ingeniería Industrial,0.954,0.951,2847984,8.00,9.60,0.909,0.957,0.948,0.949,0.960,0.887,0.931,0.944,0.959,0.947,1,1066.00000,4507.00000,144.00000,4016.00000,80,10,80,2,,,,,,,,,,,1695418.000,1859604.000,2066471.000,3043535.000,3242902.000,4139,696,1777,3443,11093,12870,0,0,0,0,0,0,0,893,95,798,1092995,910324,1579187,1616242,2374627,2590734,3817961,4015406,6228482,6356985,3119070,2388778,3295197,0.681,0.544,3271924,Instituto Profesional
Tecnología,Ingeniería Mecánica,0.866,0.909,1863351,8.00,11.30,0.799,0.888,0.897,0.853,0.840,0.823,0.887,0.934,0.898,0.904,1,68.00000,208.00000,14.00000,228.00000,81,10,81,2,,,,,,,,,,,1719474.000,1803559.000,1905831.000,1810396.000,1879452.000,85,6,20,79,544,564,0,0,0,0,0,0,0,702,48,654,688418,828474,864922,1139632,1168281,1664460,1593887,2316607,2331713,3627667,1395757,1997064,1552731,0.833,0.778,1719933,Instituto Profesional
Salud,Kinesiología,0.426,0.550,1218596,10.00,13.00,0.455,0.759,0.605,0.391,0.293,0.627,0.761,0.793,0.616,0.488,1,91.00000,519.00000,22.00000,785.00000,82,9,82,2,,,,,,,,,,,,,,,,368,205,817,163,664,1481,0,0,0,0,0,0,0,114,56,58,512326,593088,612386,798846,754705,1105870,898038,1474571,1236844,1828989,862539,1241087,950227,0.777,0.702,1144424,Instituto Profesional
Arte y Arquitectura,"Música, Canto o Danza",0.299,0.380,1090633,8.90,10.70,0.109,0.279,0.283,0.283,0.331,0.275,0.281,0.400,0.354,0.403,1,46.00000,280.00000,386.00000,729.00000,83,3,83,2,,,,,,,,,,,1271902.000,1125197.000,1072498.000,976244.000,1205100.000,302,127,490,175,1054,1544,0,0,0,0,0,0,0,243,64,179,546014,568045,597730,691418,801414,978592,1153158,1475429,1471645,1725481,966115,1119417,992771,0.721,0.513,1019151,Instituto Profesional
Salud,Nutrición y Dietética,0.372,0.503,982660,10.00,13.10,0.200,0.538,0.323,0.364,0.396,0.515,0.525,0.720,0.467,0.469,1,35.00000,195.00000,6.00000,332.00000,84,9,84,2,,,,,,,,,,,,,,,,115,89,481,26,129,610,0,0,0,0,0,0,0,58,47,11,567657,653065,631371,707655,683785,952923,881346,1199374,1139870,1732595,805379,1060244,944014,0.616,0.500,985143,Instituto Profesional
Educación,Psicopedagogía,0.594,0.653,978899,8.10,9.50,0.475,0.410,0.589,0.584,0.608,0.618,0.565,0.621,0.650,0.682,1,451.00000,3998.00000,137.00000,4331.00000,85,7,85,2,,,,,,,,,,,1034204.000,979905.000,944128.000,987451.000,1011730.000,2507,2266,9740,241,762,10502,0,0,0,0,0,0,0,1445,1372,73,575809,620621,647474,787113,782026,1008580,951006,1194751,1165158,1487565,837138,1012000,900232,0.715,0.580,944482,Instituto Profesional
Ciencias Sociales,Publicidad,0.568,0.674,1108484,8.00,9.50,0.374,0.511,0.653,0.542,0.492,0.646,0.640,0.717,0.690,0.636,1,39.00000,395.00000,156.00000,1092.00000,86,5,86,2,,,,,,,,,,,1113093.000,1144026.000,1159298.000,1077421.000,1049788.000,527,355,1137,172,658,1795,0,0,0,0,0,0,0,335,199,136,555322,600964,610954,760081,674660,966248,804348,1255747,1001389,1757944,784603,1196171,867521,0.781,0.672,991566,Instituto Profesional
Ciencias Sociales,Relaciones Públicas,0.495,0.647,1187901,8.00,9.60,0.341,0.581,0.578,0.462,0.427,0.572,0.627,0.680,0.627,0.644,1,14.00000,172.00000,98.00000,384.00000,87,5,87,2,,,,,,,,,,,1264866.000,1253137.000,1261922.000,1030884.000,1200507.000,146,116,565,30,160,725,0,0,0,0,0,0,0,131,107,24,555853,681542,643861,785111,792756,1075473,977485,1326329,1509367,1783324,861085,1304326,1001855,0.784,0.684,1051029,Instituto Profesional
Agropecuaria,Técnico Agropecuario,0.550,0.651,1014235,5.00,6.70,0.531,0.608,0.646,0.469,0.523,0.560,0.684,0.675,0.711,0.558,1,47.00000,205.00000,15.00000,333.00000,88,2,88,2,,,,,,,,,,,924053.000,934069.000,971259.000,1009236.000,1068044.000,227,87,243,140,421,664,0,0,0,0,0,0,0,250,96,154,579602,626631,664078,732144,800818,939090,1050199,1223118,1367613,1443771,871738,996364,904758,0.740,,970998,Instituto Profesional
Educación,Técnico Asistente del Educador de Párvulos,0.473,0.535,727928,4.70,5.60,0.479,0.399,0.479,0.490,0.442,0.617,0.559,0.528,0.534,0.546,1,378.00000,3903.00000,142.00000,3999.00000,89,7,89,2,,,,,,,,,,,720972.000,735195.000,720731.000,714696.000,752524.000,3964,3933,9908,31,46,9954,0,0,0,0,0,0,0,2553,2547,6,535448,551809,576441,620329,658906,736994,791927,824101,906633,920757,678227,747570,690971,0.704,,705792,Instituto Profesional
Educación,Técnico Asistente del Educador Diferencial,0.448,0.511,696777,4.70,5.70,0.393,0.334,0.461,0.448,0.430,0.483,0.487,0.474,0.528,0.522,1,167.00000,1775.00000,50.00000,1616.00000,90,7,90,2,,,,,,,,,,,682243.000,706366.000,647904.000,709364.000,725000.000,1725,1656,4312,69,161,4473,0,0,0,0,0,0,0,1093,1060,33,530621,547428,560891,589712,632725,658498,752479,803246,939953,1022523,667473,734139,673712,0.675,,687291,Instituto Profesional
Salud,Técnico Dental y Asistente de Odontología,0.578,0.621,757885,5.00,5.70,0.330,0.612,0.642,0.544,0.530,0.431,0.611,0.694,0.609,0.562,1,149.00000,1118.00000,30.00000,1796.00000,91,9,91,2,,,,,,,,,,,696513.000,748552.000,751741.000,745425.000,779677.000,1080,913,2805,167,500,3305,0,0,0,0,0,0,0,1061,929,132,543334,576800,583694,650499,657972,764421,727896,895051,855456,1069595,670625,779340,702076,0.779,,724000,Instituto Profesional
Administración y Comercio,Técnico en Administración de Empresas,0.763,0.768,1311528,4.80,6.00,0.685,0.741,0.748,0.759,0.784,0.716,0.744,0.779,0.758,0.765,1,398.00000,3802.00000,424.00000,4685.00000,92,1,92,2,,,,,,,,,,,1254834.000,1241713.000,1277029.000,1310217.000,1353296.000,4931,3152,7957,1779,4388,12346,0,0,0,0,0,0,0,3956,2643,1313,625417,649597,779267,826142,1054045,1122752,1490125,1593953,2113492,2290099,1253495,1317537,1261681,0.671,,1274265,Instituto Profesional
Administración y Comercio,Técnico en Administración de Recursos Humanos y Personal,0.717,0.765,1160183,4.90,6.50,0.637,0.678,0.727,0.716,0.705,0.678,0.715,0.763,0.762,0.770,1,69.00000,592.00000,31.00000,680.00000,93,1,93,2,,,,,,,,,,,1163305.000,1130240.000,1183068.000,1125003.000,1166754.000,697,577,1623,120,381,2004,0,0,0,0,0,0,0,663,529,134,624218,638983,736336,818994,957561,1048343,1360333,1410055,1924340,1874312,1072251,1215487,1064236,0.680,,1102589,Instituto Profesional
Tecnología,Técnico en Administración de Redes y Soporte,0.870,0.855,1256914,4.60,5.90,0.694,0.814,0.857,0.871,0.887,0.762,0.783,0.888,0.825,0.841,1,67.00000,502.00000,67.00000,730.00000,94,10,94,2,,,,,,,,,,,1203291.000,1138343.000,1180946.000,1201542.000,1431821.000,786,105,240,681,1603,1843,0,0,0,0,0,0,0,226,20,206,702578,665776,914994,815657,1238498,1073078,1847983,1486041,2798557,1998440,1428587,1275605,1344987,0.593,,1269000,Instituto Profesional
Administración y Comercio,Técnico en Administración Financiera y Finanzas,0.681,0.733,1328102,4.90,7.10,0.638,0.651,0.667,0.676,0.710,0.692,0.718,0.771,0.700,0.731,1,16.00000,59.00000,10.00000,92.00000,95,1,95,2,,,,,,,,,,,1361607.000,1371366.000,1289008.000,1339562.000,1359103.000,65,32,124,33,106,230,0,0,0,0,0,0,0,375,217,158,651292,690868,792381,889794,1101577,1235779,1516578,1742697,2062042,2418069,1142852,1405635,1166197,0.786,,1251267,Instituto Profesional
Ciencias Sociales,Técnico en Administración Pública o Municipal,0.830,0.876,1393303,4.70,6.10,0.955,0.904,0.863,0.811,0.825,0.977,0.970,0.954,0.898,0.826,1,52.00000,603.00000,25.00000,597.00000,96,5,96,2,,,,,,,,,,,1717793.000,1569351.000,1368861.000,1330848.000,1468248.000,794,512,1298,282,684,1982,0,0,0,0,0,0,0,662,409,253,650800,833116,793072,1050421,1049916,1314717,1393070,1621545,1894081,1995339,1186688,1483963,1237706,0.649,,1319697,Instituto Profesional
Tecnología,Técnico en Alimentos,0.630,0.730,994952,,,0.512,0.556,0.672,0.613,0.567,0.742,0.674,0.714,0.745,0.719,1,2.00000,27.00000,0.00000,43.00000,97,10,97,2,,,,,,,,,,,,,,,,27,22,60,5,22,82,0,0,0,0,0,0,0,26,20,6,579311,555423,661546,692334,760734,916700,812234,1065664,935129,1401017,813429,1011435,879874,0.759,,930326,Instituto Profesional
Administración y Comercio,Técnico en Comercio Exterior,0.783,0.826,1206806,4.70,6.20,0.674,0.790,0.839,0.749,0.758,0.780,0.731,0.851,0.819,0.800,1,65.00000,366.00000,63.00000,697.00000,98,1,98,2,,,,,,,,,,,1245850.000,1258791.000,1249421.000,1136408.000,1213898.000,648,377,787,271,684,1471,0,0,0,0,0,0,0,376,215,161,605982,663182,726117,854966,933060,1082405,1262424,1415283,1697122,1785443,1087014,1279363,1155991,0.713,,1186898,Instituto Profesional
Tecnología,Técnico en Computación e Informática,0.739,0.809,1596835,4.90,6.40,0.712,0.762,0.762,0.762,0.702,0.753,0.819,0.841,0.814,0.786,1,320.00000,2269.00000,434.00000,4208.00000,99,10,99,2,,,,,,,,,,,1399844.000,1515128.000,1580868.000,1560085.000,1662982.000,2975,582,1516,2393,6864,8380,0,0,0,0,0,0,0,1778,262,1516,630113,692923,768772,912857,1036292,1373916,1455331,2066783,2112876,3031824,1279538,1678572,1405141,0.691,,1532528,Instituto Profesional
Arte y Arquitectura,Técnico en Comunicación Audiovisual,0.419,0.477,929648,5.00,6.40,0.266,0.440,0.452,0.373,0.416,0.443,0.419,0.558,0.451,0.447,1,22.00000,135.00000,77.00000,306.00000,100,3,100,2,,,,,,,,,,,872096.000,853004.000,977557.000,827188.000,973319.000,212,57,154,155,432,586,0,0,0,0,0,0,0,159,44,115,543746,559693,603854,650509,735667,805160,981384,1024502,1520230,1261851,840693,923032,865595,0.722,,871516,Instituto Profesional
Tecnología,Técnico en Construcción y Obras Civiles,0.682,0.697,1219046,4.90,6.40,0.545,0.685,0.715,0.677,0.643,0.596,0.657,0.718,0.705,0.665,1,244.00000,1405.00000,79.00000,1584.00000,101,10,101,2,,,,,,,,,,,1108783.000,1250736.000,1224227.000,1159516.000,1285207.000,1927,227,500,1700,3839,4339,0,0,0,0,0,0,0,1199,198,1001,600240,603211,732825,755888,986828,1059423,1379131,1492413,1980692,2023092,1153411,1266828,1189421,0.608,,1190436,Instituto Profesional
Administración y Comercio,Técnico en Contabilidad General,0.711,0.784,1321030,4.90,6.50,0.660,0.690,0.708,0.718,0.707,0.734,0.729,0.798,0.789,0.767,1,184.00000,1330.00000,84.00000,1710.00000,102,1,102,2,,,,,,,,,,,1257783.000,1386304.000,1341287.000,1291389.000,1329231.000,1838,1242,3264,596,1499,4763,0,0,0,0,0,0,0,1703,1182,521,600207,668523,733802,843800,942116,1143800,1270137,1601553,1948189,2214721,1170322,1397000,1192039,0.689,,1252254,Instituto Profesional
Educación,"Técnico en Deporte, Recreación y Preparación Física",0.403,0.457,936553,5.00,6.20,0.276,0.326,0.428,0.397,0.381,0.331,0.438,0.435,0.463,0.468,1,171.00000,1243.00000,165.00000,2272.00000,103,7,103,2,,,,,,,,,,,889389.000,916864.000,902289.000,976964.000,920603.000,1639,328,846,1311,3250,4096,0,0,0,0,0,0,0,792,171,621,549662,574031,637342,651421,767136,823741,999957,1105486,1433517,1538399,907603,965468,891661,0.718,,895023,Instituto Profesional
Arte y Arquitectura,Técnico en Dibujo Arquitectónico,0.589,0.704,1046251,5.00,6.50,0.558,0.588,0.645,0.571,0.545,0.681,0.620,0.733,0.702,0.677,1,62.00000,204.00000,27.00000,412.00000,104,3,104,2,,,,,,,,,,,987165.000,1002593.000,1042918.000,1047202.000,1050227.000,246,89,280,157,482,762,0,0,0,0,0,0,0,225,86,139,579984,619614,661608,756989,819057,980246,1011226,1299422,1262324,2001322,849612,1140109,903011,0.723,,987150,Instituto Profesional
Arte y Arquitectura,Técnico en Diseño Gráfico,0.475,0.459,863094,4.80,6.10,0.271,0.242,0.483,0.381,0.520,0.405,0.384,0.380,0.517,0.455,1,32.00000,267.00000,50.00000,428.00000,105,3,105,2,,,,,,,,,,,870217.000,865759.000,851067.000,861097.000,906491.000,352,193,528,159,415,943,0,0,0,0,0,0,0,223,121,102,544486,550825,631674,649758,806124,839647,1113259,1104137,1853223,1277681,914509,934014,839185,0.634,,859415,Instituto Profesional
Tecnología,Técnico en Electricidad y Electricidad Industrial,0.785,0.824,1353688,4.90,6.00,0.663,0.772,0.797,0.777,0.778,0.729,0.774,0.838,0.831,0.804,1,506.00000,2525.00000,106.00000,2607.00000,106,10,106,2,,,,,,,,,,,1245114.000,1270962.000,1290792.000,1374143.000,1400285.000,3110,141,320,2969,6785,7105,0,0,0,0,0,0,0,1210,52,1158,617268,727675,799265,930699,1055339,1314402,1502814,1805227,2140502,2537631,1223582,1422251,1273307,0.691,,1348053,Instituto Profesional
Tecnología,Técnico en Electromecánica,0.806,0.826,1298724,4.80,6.00,0.752,0.837,0.825,0.796,0.789,0.775,0.845,0.873,0.833,0.768,1,22.00000,176.00000,11.00000,167.00000,107,10,107,2,,,,,,,,,,,1316868.000,1258179.000,1241721.000,1298849.000,1420548.000,83,14,56,69,352,408,0,0,0,0,0,0,0,134,10,124,684020,727973,821881,942519,1093122,1202458,1403343,1571989,1736670,2193884,1077527,1341674,1196766,0.749,,1226714,Instituto Profesional
Tecnología,Técnico en Energía,0.668,0.697,1147534,5.00,6.90,,,,,,,,,,,1,12.00000,117.00000,13.00000,148.00000,108,10,108,2,,,,,,,,,,,,,,,,143,23,59,120,299,358,0,0,0,0,0,0,0,125,15,110,612464,601782,694873,788987,795350,946800,1042498,1209516,1390463,2514674,940791,1430417,985420,0.768,,1095656,Instituto Profesional
Salud,Técnico en Enfermería,0.658,0.708,888654,5.00,5.80,0.641,0.775,0.700,0.654,0.617,0.694,0.798,0.744,0.702,0.680,1,707.00000,6712.00000,271.00000,7864.00000,109,9,109,2,,,,,,,,,,,842338.000,915236.000,885144.000,882423.000,901326.000,5744,4710,14923,1034,3181,18104,0,0,0,0,0,0,0,6237,5259,978,563111,615149,640247,715572,772159,862325,921306,1027221,1101859,1252412,802205,916826,837348,0.720,,863859,Instituto Profesional
Salud,Técnico en Farmacia,0.765,0.809,1001559,5.00,5.70,0.760,0.797,0.773,0.758,0.764,0.769,0.857,0.889,0.826,0.753,1,58.00000,489.00000,24.00000,822.00000,110,9,110,2,,,,,,,,,,,,,,,,712,530,1229,182,416,1645,0,0,0,0,0,0,0,275,182,93,605200,657966,685710,873849,842745,1054384,1033787,1289924,1198849,1705511,862995,1040903,893354,0.797,,970064,Instituto Profesional
Administración y Comercio,Técnico en Gastronomía y Cocina,0.457,0.496,806822,4.90,6.10,0.250,0.391,0.437,0.471,0.463,0.290,0.462,0.519,0.471,0.506,1,110.00000,691.00000,103.00000,1139.00000,111,1,111,2,,,,,,,,,,,719624.000,784999.000,790587.000,834039.000,794943.000,861,423,1107,438,1177,2284,0,0,0,0,0,0,0,489,246,243,538316,559507,586705,622799,692436,756784,808289,935777,1076803,1291631,749994,900569,764655,0.747,,798502,Instituto Profesional
Ciencias Básicas,Técnico en Geología,0.580,0.623,947952,5.00,7.10,0.302,0.567,0.615,0.638,0.468,0.554,0.500,0.690,0.600,0.610,1,3.00000,41.00000,4.00000,108.00000,112,4,112,2,,,,,,,,,,,,,,,,38,14,53,24,106,159,0,0,0,0,0,0,0,46,19,27,577555,614523,651579,727786,921184,880335,1143870,1194935,1387094,1766938,860678,1078712,955425,0.800,,963681,Instituto Profesional
Tecnología,"Técnico en Instrumentación, Automatización y Control Industrial",0.956,0.964,2233589,4.90,6.30,0.782,0.928,0.942,0.972,0.954,0.775,0.893,0.967,0.958,0.967,1,294.00000,1816.00000,66.00000,1259.00000,113,10,113,2,,,,,,,,,,,1171827.000,1395789.000,1576320.000,2058494.000,2764508.000,2006,251,500,1755,4217,4717,0,0,0,0,0,0,0,917,75,842,955926,739486,1315589,1124682,1887740,1714117,2843909,2927205,4691557,4433942,2469310,1849629,2648238,0.574,,2663846,Instituto Profesional
Salud,Técnico en Laboratorio Clínico,0.519,0.649,814053,5.00,5.50,0.527,0.771,0.649,0.491,0.339,0.649,0.747,0.732,0.654,0.597,1,27.00000,276.00000,13.00000,408.00000,114,9,114,2,,,,,,,,,,,797136.000,828879.000,801734.000,824144.000,823071.000,338,275,639,63,149,788,0,0,0,0,0,0,0,212,164,48,538388,583740,571580,674614,656506,811868,706040,967424,819024,1139327,676165,829584,745848,0.820,,787133,Instituto Profesional
Administración y Comercio,Técnico en Logística,0.841,0.850,1323864,4.80,5.90,0.777,0.788,0.841,0.838,0.843,0.828,0.857,0.852,0.852,0.845,1,341.00000,2233.00000,102.00000,2790.00000,115,1,115,2,,,,,,,,,,,1458022.000,1419018.000,1339047.000,1320093.000,1313697.000,2957,1078,2479,1879,4568,7047,0,0,0,0,0,0,0,1572,531,1041,669820,738857,834447,934036,1100249,1197355,1556847,1666060,2175010,2303201,1280793,1437833,1283783,0.686,,1307346,Instituto Profesional
Tecnología,Técnico en Mantenimiento Industrial,0.804,0.852,1363912,4.70,6.30,0.664,0.754,0.816,0.810,0.784,0.708,0.803,0.863,0.857,0.836,1,151.00000,859.00000,31.00000,682.00000,116,10,116,2,,,,,,,,,,,1272272.000,1216599.000,1287270.000,1408126.000,1452709.000,977,70,127,907,1924,2051,0,0,0,0,0,0,0,327,18,309,627259,655240,783692,922584,1175413,1218684,1782793,1736850,3160523,2660151,1379475,1408361,1341201,0.707,,1418215,Instituto Profesional
Salud,Técnico en Masoterapia,0.310,0.415,822571,4.90,5.60,0.230,0.393,0.300,0.323,0.317,0.333,0.440,0.536,0.378,0.400,1,34.00000,262.00000,26.00000,394.00000,117,9,117,2,,,,,,,,,,,725484.000,795682.000,800546.000,807575.000,973762.000,295,199,584,96,269,853,0,0,0,0,0,0,0,293,219,74,523350,556765,560354,665387,678241,802491,884047,973488,1193294,1216247,746456,842201,767368,0.709,,773992,Instituto Profesional
Tecnología,Técnico en Mecánica Automotriz,0.668,0.734,1127360,5.00,6.30,0.515,0.633,0.702,0.635,0.657,0.573,0.682,0.720,0.760,0.713,1,332.00000,1597.00000,101.00000,2392.00000,118,10,118,2,,,,,,,,,,,993391.000,1087558.000,1091619.000,1121077.000,1204310.000,2063,136,296,1927,4489,4785,0,0,0,0,0,0,0,834,41,793,544944,625974,646851,776204,855559,1037328,1170139,1391568,1589112,1783784,998176,1172699,1046530,0.697,,1085293,Instituto Profesional
Tecnología,Técnico en Minería,0.837,0.835,1590809,4.90,6.30,0.639,0.792,0.843,0.813,0.853,0.609,0.758,0.849,0.837,0.820,1,180.00000,1913.00000,65.00000,1380.00000,119,10,119,2,,,,,,,,,,,1186696.000,1266536.000,1323959.000,1647291.000,2013818.000,2133,585,1123,1548,3356,4479,0,0,0,0,0,0,0,473,114,359,787326,699640,1122243,887275,1753946,1316723,2923139,2029048,5040287,3812494,2133018,1506958,2033592,0.599,,1892949,Instituto Profesional
Arte y Arquitectura,Técnico en Peluquería y Estética,0.279,0.349,838091,5.00,5.70,0.134,0.248,0.298,0.273,0.274,0.252,0.260,0.357,0.355,0.340,1,136.00000,1313.00000,113.00000,1929.00000,120,3,120,2,,,,,,,,,,,773925.000,820356.000,807484.000,840580.000,878854.000,1351,1297,3610,54,136,3746,0,0,0,0,0,0,0,1483,1454,29,529911,553095,567391,635704,680709,783666,850519,996379,1046300,1212101,725179,859607,765154,0.704,,810031,Instituto Profesional
Salud,Técnico en Podología,0.655,0.667,1041393,5.00,5.50,0.701,0.705,0.655,0.663,0.651,0.657,0.727,0.664,0.680,0.661,1,75.00000,743.00000,32.00000,763.00000,121,9,121,2,,,,,,,,,,,1186288.000,1169959.000,1001047.000,1040924.000,1081264.000,830,762,2282,68,210,2492,0,0,0,0,0,0,0,801,752,49,595649,647103,729775,786642,933982,972688,1145547,1197367,1616913,1693266,1061732,1120498,1128630,0.802,,1096726,Instituto Profesional
Tecnología,Técnico en Prevención de Riesgos,0.747,0.765,1208885,5.00,6.20,0.528,0.663,0.745,0.758,0.741,0.558,0.619,0.744,0.765,0.793,1,86.00000,1391.00000,72.00000,1187.00000,122,10,122,2,,,,,,,,,,,1052713.000,1065930.000,1100775.000,1289778.000,1445322.000,1492,782,1949,710,1784,3733,0,0,0,0,0,0,0,954,477,477,616946,601385,769458,764219,1095419,1039867,1740298,1599715,2410687,2195581,1456261,1178903,1424488,0.604,,1379024,Instituto Profesional
Salud,Técnico en Radiología y Radioterapia,0.672,0.788,885566,5.00,5.10,0.442,0.823,0.759,0.672,0.533,0.693,0.698,0.847,0.783,0.748,1,10.00000,97.00000,16.00000,245.00000,123,9,123,2,,,,,,,,,,,839244.000,922297.000,860329.000,879820.000,917428.000,177,121,282,56,135,417,0,0,0,0,0,0,0,139,85,54,545874,646691,583472,725898,630243,866177,734725,1080169,790446,1283702,719904,941690,814412,0.799,,876485,Instituto Profesional
Ciencias Sociales,Técnico en Servicio Social,0.518,0.556,932910,4.80,6.00,0.477,0.496,0.489,0.554,0.522,0.522,0.566,0.563,0.530,0.584,1,112.00000,1886.00000,40.00000,1648.00000,124,5,124,2,,,,,,,,,,,1007326.000,889635.000,884031.000,930190.000,982551.000,1902,1629,4357,273,721,5078,0,0,0,0,0,0,0,2030,1759,271,561225,587853,653076,696300,819465,890574,1074860,1164182,1448992,1468534,887397,956393,889652,0.688,,916685,Instituto Profesional
Tecnología,Técnico en Sonido,0.330,0.465,877300,5.00,6.50,0.197,0.323,0.314,0.353,0.323,0.318,0.387,0.525,0.464,0.434,1,36.00000,284.00000,78.00000,537.00000,125,10,125,2,,,,,,,,,,,762468.000,778721.000,929644.000,778216.000,945083.000,339,29,77,310,900,977,0,0,0,0,0,0,0,257,30,227,538550,582158,599509,684996,687755,837430,800989,1024535,942711,1218717,749252,881653,822594,0.711,,818828,Instituto Profesional
Tecnología,Técnico en Telecomunicaciones,0.736,0.798,1032837,5.00,7.10,0.721,0.667,0.734,0.741,0.733,0.661,0.736,0.789,0.780,0.821,1,39.00000,221.00000,13.00000,348.00000,126,10,126,2,,,,,,,,,,,1192509.000,1183503.000,993063.000,1067749.000,1028890.000,218,18,44,200,649,693,0,0,0,0,0,0,0,158,10,148,644009,626501,751399,779004,918251,1065841,1188732,1465266,2323419,1835059,1042679,1198735,990834,0.710,,1030515,Instituto Profesional
Tecnología,Técnico en Topografía,0.789,0.774,1400113,5.00,6.20,0.672,0.791,0.798,0.745,0.829,0.687,0.826,0.787,0.757,0.781,1,31.00000,340.00000,15.00000,304.00000,127,10,127,2,,,,,,,,,,,1237949.000,1403933.000,1360318.000,1397674.000,1464121.000,329,40,117,289,786,903,0,0,0,0,0,0,0,195,28,167,591130,688012,710009,881144,980815,1271509,1362456,1817950,1808325,2321977,1166017,1464811,1293373,0.676,,1397337,Instituto Profesional
Humanidades,Técnico en Traducción e Interpretariado,0.347,0.541,1222878,5.70,7.40,0.217,0.444,0.493,0.274,0.284,0.491,0.429,0.578,0.620,0.449,1,13.00000,60.00000,46.00000,184.00000,128,8,128,2,,,,,,,,,,,920866.000,1169468.000,1475649.000,795755.000,1431433.000,157,107,237,50,134,371,0,0,0,0,0,0,0,68,42,26,580909,591691,634374,633809,783064,806984,965601,1005516,1228560,1112160,821240,1205313,969192,0.596,,1091940,Instituto Profesional
Administración y Comercio,Técnico en Turismo y Hotelería,0.448,0.529,897408,4.90,6.50,0.267,0.325,0.517,0.402,0.412,0.362,0.471,0.553,0.532,0.500,1,44.00000,479.00000,72.00000,726.00000,129,1,129,2,,,,,,,,,,,795545.000,807269.000,879653.000,901878.000,913367.000,547,356,918,191,566,1484,0,0,0,0,0,0,0,480,312,168,541545,583162,606936,675044,725510,885075,929825,1120473,1179926,1401388,790741,916673,817711,0.752,,860860,Instituto Profesional
Derecho,Técnico Jurídico,0.675,0.692,1092588,4.90,5.90,0.472,0.622,0.668,0.680,0.674,0.588,0.591,0.671,0.705,0.694,1,45.00000,562.00000,40.00000,664.00000,130,6,130,2,,,,,,,,,,,1113092.000,1129016.000,1047209.000,942376.000,1282407.000,731,504,1280,227,560,1840,0,0,0,0,0,0,0,561,413,148,595887,591207,739804,684122,1005142,922155,1356520,1192044,1959945,1566079,1100374,1017217,1111814,0.566,,1079050,Instituto Profesional
Salud,Técnico Laboratorista Dental,0.519,0.665,908092,5.00,6.10,0.423,0.618,0.490,0.547,0.514,0.289,0.622,0.706,0.610,0.658,1,17.00000,123.00000,13.00000,178.00000,131,9,131,2,,,,,,,,,,,,,,,,139,101,338,38,131,469,0,0,0,0,0,0,0,125,87,38,565774,571657,653631,649142,825336,861144,1043777,1015648,1639939,1199493,911790,969570,937462,0.797,,937175,Instituto Profesional
Agropecuaria,Técnico Veterinario,0.436,0.506,778522,5.00,6.30,0.263,0.430,0.464,0.421,0.424,0.396,0.469,0.616,0.514,0.442,1,71.00000,596.00000,37.00000,1070.00000,132,2,132,2,,,,,,,,,,,772189.000,745356.000,793925.000,756253.000,790706.000,695,564,1459,131,385,1844,0,0,0,0,0,0,0,234,191,43,532616,541247,580796,611683,648563,746588,777765,862853,967815,1077424,685449,784506,707203,0.851,,743320,Instituto Profesional
Salud,Terapia Ocupacional,0.468,0.617,1072180,9.80,11.80,0.431,0.582,0.552,0.489,0.373,0.570,0.696,0.702,0.634,0.600,1,57.00000,471.00000,10.00000,742.00000,133,9,133,2,,,,,,,,,,,1198580.000,1123180.000,1116308.000,1079640.000,935320.000,312,267,1149,45,194,1343,0,0,0,0,0,0,0,187,161,26,573703,646120,635796,877545,787088,1107360,1029689,1385057,1318570,1804701,866335,1189174,1002510,0.817,0.713,1043372,Instituto Profesional
Ciencias Sociales,Trabajo Social,0.675,0.753,1190447,8.00,9.80,0.623,0.650,0.693,0.686,0.652,0.707,0.737,0.760,0.758,0.745,1,536.00000,7953.00000,153.00000,6917.00000,134,5,134,2,,,,,,,,,,,1285857.000,1298230.000,1145541.000,1234362.000,1225725.000,4544,3918,17230,626,2914,20144,0,0,0,0,0,0,0,3627,3193,434,600246,658528,729102,877613,981864,1164513,1357548,1555322,1808421,2112053,1099933,1255513,1147942,0.726,0.620,1188297,Instituto Profesional
Arte y Arquitectura,Actuación y Teatro,0.267,0.335,1051852,8.70,11.50,0.172,0.286,0.281,0.248,0.274,0.188,0.309,0.383,0.300,0.341,0,17.00000,273.00000,315.00000,655.00000,135,3,135,3,,,,,,,,,,,,,,,,328,235,913,93,391,1304,0,0,0,0,0,0,0,214,148,66,540782,566399,609785,655952,791416,789403,980812,1328952,1317493,1798025,845806,1043078,992299,0.809,0.719,966867,Universidad
Administración y Comercio,Administración de Empresas e Ing. Asociadas,0.780,0.823,1675631,8.10,12.00,0.716,0.786,0.798,0.771,0.767,0.784,0.817,0.844,0.820,0.809,0,299.00000,2067.00000,826.00000,3408.00000,136,1,136,3,,,,,,,,,,,1737757.000,1664066.000,1663929.000,1644062.000,1725478.000,1055,556,4870,499,3203,8074,0,0,0,0,0,0,0,2626,1594,1032,634947,727578,810173,1003293,1127008,1480515,1688051,2109358,2482798,2992524,1381022,1738045,1448399,0.751,0.664,1550278,Universidad
Ciencias Sociales,Administración Pública,0.777,0.881,1786637,10.10,11.30,0.677,0.764,0.808,0.775,0.754,0.834,0.832,0.892,0.897,0.859,0,205.00000,2329.00000,514.00000,4557.00000,137,5,137,3,,,,,,,,,,,1946576.000,1804106.000,1735576.000,1775465.000,1853783.000,1923,1097,4630,826,3842,8473,0,0,0,0,0,0,0,1477,822,655,640474,1006044,838984,1384362,1191539,1899910,1699948,2367778,2378654,2847769,1361765,1907871,1534635,0.826,0.766,1688909,Universidad
Administración y Comercio,Administración Turística y Hotelera,0.471,0.583,1096398,8.60,11.20,0.217,0.342,0.552,0.432,0.436,0.424,0.431,0.583,0.586,0.580,0,39.00000,460.00000,303.00000,981.00000,138,1,138,3,,,,,,,,,,,1043975.000,951690.000,1143876.000,1104599.000,1041165.000,434,309,1171,125,651,1822,0,0,0,0,0,0,0,357,213,144,585684,621709,666194,736898,796600,1003008,1002531,1379614,1283313,1970909,884018,1185029,949767,0.797,0.690,1011047,Universidad
Agropecuaria,Agronomía,0.682,0.760,1729270,10.00,14.20,0.644,0.735,0.720,0.679,0.656,0.762,0.793,0.809,0.755,0.733,0,263.00000,1837.00000,1211.00000,3579.00000,139,2,139,3,,,,,,,,,,,1786087.000,1804291.000,1792461.000,1675569.000,1732205.000,1413,610,2907,803,4110,7017,0,0,0,0,0,0,0,938,373,565,589905,712799,742929,1120534,1063960,1672313,1524051,2331721,2136224,3344150,1236432,1933593,1430559,0.809,0.731,1560013,Universidad
Ciencias Sociales,Antropología,0.613,0.772,1623765,9.90,14.60,0.471,0.578,0.578,0.686,0.591,0.560,0.690,0.828,0.812,0.708,0,23.00000,592.00000,507.00000,1085.00000,140,5,140,3,,,,,,,,,,,1391188.000,1534336.000,1463144.000,1773084.000,1689714.000,398,254,1439,144,829,2268,0,0,0,0,0,0,0,274,173,101,604930,743070,713742,1143820,1073030,1504463,1731589,2416613,2557540,3368937,1324790,1679150,1433148,0.857,0.800,1540997,Universidad
Arte y Arquitectura,Arquitectura,0.615,0.739,1493345,11.20,14.70,0.595,0.613,0.652,0.624,0.570,0.725,0.746,0.772,0.725,0.728,0,307.00000,3711.00000,3643.00000,9546.00000,141,3,141,3,,,,,,,,,,,1553328.000,1554052.000,1536959.000,1448335.000,1491468.000,3472,2023,9721,1449,7982,17704,0,0,0,0,0,0,0,1716,916,800,575696,790949,694889,1090984,916846,1446963,1207395,1848925,1602235,2422023,1083856,1606588,1230511,0.819,0.747,1373125,Universidad
Arte y Arquitectura,Artes y Licenciatura en Artes,0.316,0.439,1036737,8.40,10.90,0.283,0.212,0.286,0.384,0.260,0.402,0.396,0.450,0.366,0.483,0,46.00000,848.00000,787.00000,1638.00000,142,3,142,3,,,,,,,,,,,1018580.000,1117558.000,1007083.000,1074324.000,1026537.000,873,645,2608,228,834,3443,0,0,0,0,0,0,0,576,435,141,533057,582604,590837,684970,734556,977491,957777,1318498,1467541,1677753,1025271,1153071,1061004,0.831,0.749,1001528,Universidad
Humanidades,Bibliotecología,0.750,0.813,1339844,10.00,13.10,,,,,,,,,,,0,9.00000,126.00000,23.00000,217.00000,143,8,143,3,,,,,,,,,,,,,,,,72,60,338,12,105,443,0,0,0,0,0,0,0,66,45,21,664128,797178,831143,1149661,1086375,1335758,1453967,2093191,1813506,2184395,1057931,1627930,1082029,0.754,0.738,1268969,Universidad
Ciencias Básicas,Biología,0.548,0.671,1400218,10.00,13.70,0.442,0.607,0.563,0.645,0.480,0.660,0.574,0.695,0.662,0.663,0,14.00000,355.00000,349.00000,599.00000,144,4,144,3,,,,,,,,,,,1251925.000,1203676.000,1259884.000,1384963.000,1539915.000,323,172,766,151,575,1341,0,0,0,0,0,0,0,183,109,74,607515,773497,676381,1030214,916403,1331465,1188765,1735985,1300006,2107154,1076664,1307996,1257555,0.819,0.663,1354407,Universidad
Ciencias Básicas,Biología Marina y Ecología Marina,0.599,0.726,1320336,10.00,13.40,,,,,,,,,,,0,22.00000,624.00000,316.00000,1108.00000,145,4,145,3,,,,,,,,,,,1139588.000,1326462.000,1246719.000,1272544.000,1415142.000,548,317,1173,231,927,2100,0,0,0,0,0,0,0,222,135,87,649866,691032,733182,882346,901400,1429894,1111321,1977414,1528019,2218121,1036298,1400644,1167847,0.806,0.708,1269657,Universidad
Ciencias Básicas,Bioquímica,0.643,0.711,1458953,10.50,14.10,0.583,0.841,0.824,0.630,0.562,0.721,0.796,0.807,0.704,0.655,0,19.00000,706.00000,622.00000,1562.00000,146,4,146,3,,,,,,,,,,,1563510.000,1727240.000,1646121.000,1428543.000,1266671.000,623,395,1728,228,1215,2943,0,0,0,0,0,0,0,315,181,133,598509,650436,729944,928650,932599,1363713,1144413,1824546,1471132,2645706,1059559,1568533,1308474,0.791,0.704,1376985,Universidad
Ciencias Sociales,Ciencias Políticas,0.582,0.757,1564680,9.20,11.40,0.519,0.525,0.646,0.572,0.538,0.709,0.716,0.752,0.762,0.756,0,20.00000,364.00000,459.00000,809.00000,147,5,147,3,,,,,,,,,,,1622155.000,1494572.000,1583066.000,1560453.000,1534923.000,440,273,937,167,781,1718,0,0,0,0,0,0,0,333,193,140,584762,825935,757669,1157833,998283,1502837,1418063,2123257,1909686,2840612,1111607,1702526,1220455,0.813,0.766,1397194,Universidad
Arte y Arquitectura,Comunicación Audiovisual y/o Multimedia,0.467,0.564,1222311,9.10,11.50,0.459,0.487,0.558,0.431,0.391,0.597,0.662,0.588,0.633,0.471,0,24.00000,227.00000,364.00000,745.00000,148,3,148,3,,,,,,,,,,,1470483.000,1197860.000,1289361.000,1367211.000,1007944.000,294,135,595,159,803,1398,0,0,0,0,0,0,0,171,69,102,570615,601560,647746,855206,760370,1188620,946165,1552281,1428870,2376733,1065601,1290274,1092736,0.832,0.752,1179803,Universidad
Tecnología,Construcción Civil,0.830,0.852,1886039,9.40,14.10,0.804,0.819,0.863,0.851,0.776,0.823,0.880,0.833,0.848,0.877,0,77.00000,582.00000,310.00000,1187.00000,149,10,149,3,,,,,,,,,,,1821913.000,2036197.000,1932113.000,1945622.000,1778659.000,458,131,556,327,1713,2269,0,0,0,0,0,0,0,422,106,316,654983,995240,860926,1434193,1147489,1946268,1508748,2559082,1949326,3208411,1362522,2098714,1577830,0.838,0.749,1736939,Universidad
Administración y Comercio,Contador Auditor,0.853,0.896,1687026,9.20,11.80,0.808,0.838,0.871,0.861,0.829,0.865,0.888,0.909,0.892,0.891,0,695.00000,3697.00000,362.00000,6059.00000,150,1,150,3,,,,,,,,,,,1785928.000,1701832.000,1756798.000,1641112.000,1662338.000,2599,1280,6287,1319,5347,11634,0,0,0,0,0,0,0,2119,1300,819,641315,828142,803679,1125089,985729,1576091,1339165,2104308,1926421,2961186,1206722,1825824,1357323,0.839,0.753,1506715,Universidad
Derecho,Derecho,0.751,0.821,2204826,10.40,16.20,0.700,0.751,0.783,0.754,0.726,0.772,0.807,0.813,0.831,0.821,0,753.00000,11210.00000,9824.00000,24634.00000,151,6,151,3,,,,,,,,,,,2435972.000,2379971.000,2178043.000,2233583.000,2206370.000,10202,5926,28372,4276,21435,49807,0,0,0,0,0,0,0,4923,2690,2233,688623,936692,993915,1458122,1461806,2057321,2046456,2951163,2815678,4261475,1662615,2426582,1852956,0.832,0.757,2050181,Universidad
Arte y Arquitectura,Diseño,0.598,0.717,1450393,9.90,12.10,0.480,0.607,0.677,0.608,0.503,0.695,0.698,0.750,0.716,0.700,0,62.00000,965.00000,2752.00000,2725.00000,152,3,152,3,,,,,,,,,,,1211475.000,1345994.000,1514884.000,1389188.000,1444639.000,1385,1124,5196,261,1397,6594,0,0,0,0,0,0,0,696,578,118,557568,705677,664108,955927,808121,1309591,1073436,1873735,1498187,2609168,1035131,1525896,1193890,0.885,0.822,1298863,Universidad
Arte y Arquitectura,Diseño Gráfico,0.436,0.534,1179236,9.20,11.60,0.464,0.500,0.468,0.388,0.449,0.535,0.603,0.632,0.479,0.497,0,47.00000,483.00000,287.00000,1123.00000,153,3,153,3,,,,,,,,,,,1227362.000,1246335.000,1198571.000,1256314.000,1115132.000,396,231,1164,165,821,1986,0,0,0,0,0,0,0,232,141,91,560661,566377,622379,736460,753203,1027279,1001007,1374610,1256962,2192294,899199,1243756,1000243,0.836,0.751,1055086,Universidad
Tecnología,Diseño Industrial,0.577,0.632,1194060,8.90,13.60,0.357,0.544,0.694,0.514,0.591,0.563,0.587,0.667,0.654,0.592,0,27.00000,162.00000,62.00000,342.00000,154,10,154,3,,,,,,,,,,,963869.000,1086116.000,1280888.000,1191207.000,1106408.000,157,105,358,52,243,601,0,0,0,0,0,0,0,82,42,40,548699,652689,607492,862617,815715,1060363,938168,1269955,1377644,2432645,907220,1320772,955411,0.824,0.740,1057889,Universidad
Salud,Enfermería,0.786,0.879,1832131,10.00,12.10,0.930,0.980,0.918,0.769,0.647,0.953,0.982,0.958,0.903,0.833,0,839.00000,10947.00000,3396.00000,21593.00000,155,9,155,3,,,,,,,,,,,1790618.000,2013406.000,1852236.000,1802200.000,1850417.000,7588,6182,30333,1406,7069,37402,0,0,0,0,0,0,0,5642,4713,929,613838,1017889,766471,1418584,1064108,1826430,1402428,2255477,1764501,2648021,1322775,1864807,1559232,0.877,0.827,1740235,Universidad
Salud,Fonoaudiología,0.418,0.604,1108057,10.00,12.20,0.284,0.618,0.462,0.407,0.362,0.504,0.673,0.679,0.600,0.588,0,219.00000,2371.00000,305.00000,4453.00000,156,9,156,3,,,,,,,,,,,1098494.000,1145691.000,1097803.000,1118110.000,1112634.000,1476,1315,6666,161,805,7471,0,0,0,0,0,0,0,1398,1276,122,542551,657129,608064,813328,719964,1083626,928554,1383782,1201075,1708107,844334,1135677,968972,0.794,0.729,1048130,Universidad
Ciencias Sociales,Geografía,0.647,0.827,1401673,10.00,14.00,0.571,0.704,0.663,0.651,0.628,0.718,0.806,0.819,0.846,0.813,0,12.00000,260.00000,221.00000,562.00000,157,5,157,3,,,,,,,,,,,1664442.000,1500984.000,1353416.000,1401640.000,1504953.000,175,66,398,109,682,1080,0,0,0,0,0,0,0,234,109,125,606091,813949,703272,1154181,878374,1547098,1208155,1937807,1507998,2297371,994744,1600847,1198825,0.848,0.746,1364132,Universidad
Ciencias Básicas,Geología,0.687,0.821,2919331,10.70,16.20,0.623,0.644,0.762,0.659,0.665,0.751,0.773,0.835,0.835,0.804,0,37.00000,955.00000,649.00000,2352.00000,158,4,158,3,,,,,,,,,,,3015161.000,2667849.000,2924205.000,3032760.000,2762677.000,816,310,1576,506,2456,4032,0,0,0,0,0,0,0,538,222,316,632905,1185781,900438,1714756,1330299,2592261,1909101,3952188,3259218,5965511,1713546,3182406,2015164,0.824,0.745,2539496,Universidad
Tecnología,Ingeniería Civil Ambiental,0.842,0.901,2119848,11.40,15.00,,,,,,,,,,,0,11.00000,234.00000,212.00000,709.00000,159,10,159,3,,,,,,,,,,,,,,,,259,144,662,115,520,1182,0,0,0,0,0,0,0,140,78,62,768424,1232925,994258,1827088,1349105,2187968,1629894,2694262,1896719,3341859,1348586,2290470,1625528,0.744,0.559,1816672,Universidad
Tecnología,Ingeniería Civil Bioquímica,0.827,0.828,1568815,12.00,14.50,,,,,,,,,,,0,1.00000,46.00000,76.00000,197.00000,160,10,160,3,,,,,,,,,,,,,,,,70,47,189,23,134,323,0,0,0,0,0,0,0,39,22,17,597439,748156,765099,1124404,924938,1383271,1169287,1968086,1434029,2125524,1042160,1917913,1246115,0.837,0.651,1378307,Universidad
Tecnología,Ingeniería Civil Eléctrica,0.920,0.953,2912849,11.60,15.40,0.919,0.922,0.932,0.938,0.894,0.908,0.939,0.950,0.961,0.948,0,180.00000,1268.00000,803.00000,2614.00000,161,10,161,3,,,,,,,,,,,2739943.000,2895336.000,3039641.000,2934476.000,2764338.000,984,124,522,860,4386,4908,0,0,0,0,0,0,0,579,72,507,841265,1396015,1255669,2019442,1643102,2870420,2159487,4038083,2973979,6017550,1907850,3261044,2289296,0.784,0.629,2661878,Universidad
Tecnología,Ingeniería Civil Electrónica,0.835,0.930,2647456,11.80,15.70,0.687,0.852,0.916,0.826,0.789,0.870,0.841,0.915,0.926,0.945,0,55.00000,552.00000,415.00000,1400.00000,162,10,162,3,,,,,,,,,,,2412463.000,2490142.000,2825905.000,2069846.000,2954199.000,518,64,260,454,2189,2449,0,0,0,0,0,0,0,263,20,243,673936,1024660,917366,1713490,1259265,2247305,1763207,2746737,2144620,4634446,1680291,2790310,2161931,0.780,0.657,2413130,Universidad
Tecnología,Ingeniería Civil en Biomédica,0.944,0.907,1883451,12.00,13.90,0.778,0.938,0.959,0.966,0.913,0.920,0.973,0.938,0.920,0.879,0,15.00000,209.00000,210.00000,629.00000,163,10,163,3,,,,,,,,,,,2056751.000,2100639.000,2019250.000,1670110.000,1882141.000,380,214,534,166,536,1070,0,0,0,0,0,0,0,97,55,42,851569,906736,1075968,1373091,1329017,1747392,1599075,2135978,1816198,2499422,1367867,1997817,1627915,0.707,0.595,1767432,Universidad
Tecnología,Ingeniería Civil en Computación e Informática,0.885,0.939,2683432,11.10,14.10,0.883,0.916,0.929,0.894,0.852,0.944,0.939,0.947,0.941,0.931,0,366.00000,4331.00000,2824.00000,10109.00000,164,10,164,3,,,,,,,,,,,2305683.000,2492485.000,2778376.000,2685634.000,2592683.000,4223,664,2381,3559,15494,17875,0,0,0,0,0,0,0,1537,163,1374,787296,1294660,1075564,1911457,1464702,2601025,1951308,3625113,2622317,4680338,1737657,2880941,2121328,0.842,0.737,2453084,Universidad
Tecnología,Ingeniería Civil en Minas,0.820,0.896,3432022,11.10,15.70,0.685,0.760,0.827,0.818,0.814,0.854,0.887,0.911,0.886,0.893,0,121.00000,1642.00000,788.00000,3575.00000,165,10,165,3,,,,,,,,,,,4025123.000,4059830.000,3946385.000,3220613.000,3178733.000,1682,571,1906,1111,4463,6369,0,0,0,0,0,0,0,680,165,515,714172,1305668,1008888,1928657,1616794,2816808,2755216,4579345,4671039,7605401,2274423,4230975,2599119,0.769,0.647,2803526,Universidad
Tecnología,Ingeniería Civil en Obras Civiles,0.847,0.910,2110462,11.20,15.10,0.718,0.863,0.893,0.860,0.807,0.912,0.898,0.938,0.914,0.886,0,97.00000,765.00000,386.00000,1660.00000,166,10,166,3,,,,,,,,,,,2099111.000,2302278.000,2273651.000,1958171.000,2089395.000,709,195,734,514,2230,2964,0,0,0,0,0,0,0,559,152,407,696849,988230,984267,1571164,1315191,2066422,1818083,2690651,2661973,3240642,1554959,2323638,1735753,0.766,0.669,1831858,Universidad
Tecnología,Ingeniería Civil Industrial,0.893,0.934,2840993,11.10,14.10,0.811,0.877,0.908,0.888,0.887,0.901,0.925,0.939,0.934,0.929,0,830.00000,7276.00000,6232.00000,18285.00000,167,10,167,3,,,,,,,,,,,2841198.000,2958522.000,3027264.000,2698052.000,2774395.000,5634,2023,10564,3611,24340,34904,0,0,0,0,0,0,0,6491,1897,4594,794035,1205626,1147276,1737475,1660911,2466538,2557239,3428887,4201144,4921345,2100771,3126885,2267041,0.851,0.763,2508603,Universidad
Tecnología,Ingeniería Civil Mecánica,0.868,0.929,2841820,11.70,16.20,0.795,0.846,0.917,0.886,0.815,0.877,0.913,0.929,0.944,0.913,0,80.00000,933.00000,1018.00000,2469.00000,168,10,168,3,,,,,,,,,,,2521612.000,2657394.000,2819532.000,2800144.000,2916533.000,956,146,583,810,3969,4552,0,0,0,0,0,0,0,768,68,700,782910,1225843,1074861,1784576,1444372,2512975,1875180,3493254,2770496,6390294,1672484,3141787,2159900,0.760,0.611,2495391,Universidad
Tecnología,Ingeniería Civil Metalúrgica,0.805,0.916,3508658,11.50,17.10,0.697,0.778,0.801,0.825,0.789,0.856,0.838,0.937,0.894,0.918,0,25.00000,466.00000,190.00000,1018.00000,169,10,169,3,,,,,,,,,,,3500739.000,3142017.000,3273343.000,3402993.000,3847607.000,465,169,533,296,1176,1709,0,0,0,0,0,0,0,219,59,160,724266,1085342,977323,1723186,1336646,2803434,1989132,4576968,2853205,7882793,1808252,3724054,2626060,0.735,0.559,3011095,Universidad
Tecnología,Ingeniería Civil Química,0.818,0.909,2481356,11.70,15.60,0.686,0.763,0.894,0.803,0.792,0.812,0.902,0.909,0.925,0.901,0,26.00000,582.00000,628.00000,1634.00000,170,10,170,3,,,,,,,,,,,2402212.000,2580674.000,2395807.000,2715406.000,2330576.000,596,295,1280,301,1613,2893,0,0,0,0,0,0,0,390,177,213,671986,1202718,927469,1706923,1318280,2442337,1752394,3401392,2527592,5816633,1535618,2897831,1945087,0.805,0.671,2278799,Universidad
Tecnología,"Ingeniería Civil, plan común y licenciatura en Ciencias de la Ingeniería",0.861,0.912,2260842,11.50,15.60,0.780,0.824,0.912,0.862,0.809,0.907,0.920,0.907,0.932,0.898,0,231.00000,3171.00000,8489.00000,6754.00000,171,10,171,3,,,,,,,,,,,2071173.000,2283522.000,2395606.000,2202625.000,2204709.000,5216,1502,5409,3714,13412,18821,0,0,0,0,0,0,0,777,222,555,742660,1176349,999894,1663434,1340063,2235765,1680226,2895327,2015339,3672555,1492102,2522741,1766889,0.873,0.794,2035209,Universidad
Administración y Comercio,Ingeniería Comercial,0.820,0.877,2203057,10.00,12.30,0.730,0.805,0.846,0.822,0.793,0.826,0.861,0.894,0.875,0.865,0,952.00000,8594.00000,15031.00000,20655.00000,172,1,172,3,,,,,,,,,,,2242226.000,2262172.000,2265233.000,2165261.000,2175494.000,10003,4159,19708,5844,27399,47107,0,0,0,0,0,0,0,7786,3506,4280,690541,881696,919125,1337997,1317860,2008881,1851830,2901526,2635133,4049238,1608643,2382233,1813621,0.828,0.747,2004607,Universidad
Tecnología,Ingeniería en Alimentos,0.740,0.809,1480333,10.50,14.60,0.696,0.776,0.792,0.757,0.692,0.731,0.842,0.864,0.823,0.753,0,13.00000,241.00000,62.00000,405.00000,173,10,173,3,,,,,,,,,,,1382710.000,1392909.000,1356821.000,1581578.000,1489462.000,133,81,474,52,266,740,0,0,0,0,0,0,0,107,69,38,589416,855832,734826,1193008,891077,1483282,1177809,2008490,1451578,2609173,1154875,1540421,1335982,0.717,0.591,1472293,Universidad
Tecnología,"Ingeniería en Automatización, Instrumentación y Control",0.898,0.926,2237428,8.00,13.20,0.851,0.871,0.923,0.868,0.894,0.909,0.899,0.923,0.934,0.917,0,90.00000,194.00000,64.00000,513.00000,174,10,174,3,,,,,,,,,,,2072649.000,2077073.000,2113158.000,2291104.000,2330826.000,118,18,88,100,834,922,0,0,0,0,0,0,0,217,12,205,733735,1036536,962409,1429045,1292802,2019730,1800815,2883976,2589740,4557175,1559996,2337979,1750345,0.833,0.746,1977632,Universidad
Tecnología,Ingeniería en Biotecnología y Bioingeniería,0.629,0.680,1336460,9.90,13.50,0.536,0.560,0.734,0.650,0.556,0.690,0.736,0.660,0.706,0.676,0,24.00000,565.00000,372.00000,1260.00000,175,10,175,3,,,,,,,,,,,1498083.000,1546795.000,1217886.000,1418492.000,1380331.000,465,279,1220,186,1029,2249,0,0,0,0,0,0,0,331,179,152,557921,801436,662754,966501,838715,1247506,1076935,1869081,1324728,2345018,932699,1484242,1083750,0.833,0.755,1227459,Universidad
Administración y Comercio,Ingeniería en Comercio Exterior,0.808,0.849,1632797,9.90,13.20,0.782,0.676,0.819,0.867,0.753,0.813,0.911,0.868,0.849,0.830,0,55.00000,292.00000,147.00000,834.00000,176,1,176,3,,,,,,,,,,,2090810.000,2247163.000,1528366.000,1787646.000,1602796.000,451,294,901,157,466,1367,0,0,0,0,0,0,0,257,156,101,675991,707108,824110,1013436,1151279,1515913,1510171,2236036,2048648,3266293,1336513,2016372,1416437,0.797,0.699,1552490,Universidad
Tecnología,Ingeniería en Computación e Informática,0.829,0.890,2151897,8.40,12.30,0.821,0.844,0.860,0.826,0.794,0.862,0.888,0.918,0.897,0.856,0,302.00000,2040.00000,683.00000,4358.00000,177,10,177,3,,,,,,,,,,,1986864.000,2127467.000,2138501.000,2173599.000,2147332.000,1692,241,1077,1451,6811,7889,0,0,0,0,0,0,0,1201,123,1078,651375,957954,845841,1349826,1177109,2022362,1897278,2865709,3106402,3902253,1574563,2308594,1757168,0.791,0.686,1992790,Universidad
Tecnología,Ingeniería en Construcción,0.774,0.826,1652961,9.80,14.10,0.683,0.826,0.796,0.754,0.766,0.771,0.856,0.859,0.813,0.815,0,175.00000,1291.00000,225.00000,2653.00000,178,10,178,3,,,,,,,,,,,1749083.000,1821840.000,1701473.000,1595246.000,1652665.000,769,143,930,626,3657,4587,0,0,0,0,0,0,0,1304,271,1033,625311,780111,777451,1087899,1046881,1547860,1449926,2070655,2161800,2650798,1253853,1772525,1400193,0.771,0.636,1505327,Universidad
Administración y Comercio,Ingeniería en Control de Gestión,0.873,0.906,2063777,9.90,11.90,0.867,0.863,0.896,0.882,0.846,0.897,0.910,0.904,0.924,0.888,0,136.00000,1097.00000,400.00000,2399.00000,179,1,179,3,,,,,,,,,,,2204758.000,2251039.000,2248637.000,2009428.000,1929792.000,998,497,2144,501,2071,4215,0,0,0,0,0,0,0,661,367,294,713944,1025982,956449,1402251,1325890,1921256,1796032,2730353,2469239,3426254,1524646,2330321,1686783,0.831,0.736,1850387,Universidad
Tecnología,Ingeniería en Electricidad,0.871,0.905,2107170,8.50,14.00,0.786,0.892,0.879,0.867,0.866,0.870,0.891,0.919,0.905,0.896,0,134.00000,426.00000,72.00000,734.00000,180,10,180,3,,,,,,,,,,,2131213.000,2265763.000,2269167.000,1941205.000,2068426.000,297,24,108,273,1365,1473,0,0,0,0,0,0,0,433,15,418,814527,939724,1091104,1285281,1662954,1882080,2534383,2699278,4043754,3803652,1872528,2334833,1879400,0.615,0.519,1913461,Universidad
Tecnología,Ingeniería en Electrónica,0.822,0.872,1852042,8.80,14.80,0.766,0.875,0.850,0.833,0.767,0.779,0.865,0.933,0.814,0.885,0,17.00000,67.00000,19.00000,143.00000,181,10,181,3,,,,,,,,,,,1811755.000,1702309.000,1553845.000,2231292.000,1838331.000,81,11,22,70,228,250,0,0,0,0,0,0,0,63,8,55,594722,957047,883077,1230611,1190993,1923965,1795789,2450173,2268984,4231433,1317742,1924354,1477309,0.542,0.479,1755056,Universidad
Ciencias Básicas,Ingeniería en Geomensura y Cartografía,0.878,0.895,1999501,9.20,15.10,0.765,0.862,0.925,0.829,0.892,0.844,0.913,0.906,0.875,0.897,0,15.00000,136.00000,8.00000,222.00000,182,4,182,3,,,,,,,,,,,1765853.000,1806416.000,2163076.000,2071683.000,1844329.000,55,8,87,47,358,445,0,0,0,0,0,0,0,142,33,109,637211,1057597,835951,1418509,1137470,1899409,1733239,2156596,2584637,2728893,1329831,2033677,1503056,0.737,0.658,1748672,Universidad
Ciencias Sociales,Ingeniería en Gestión Pública,0.921,0.977,1947845,8.00,10.90,0.907,0.962,0.926,0.891,0.937,0.947,0.977,0.981,0.970,0.982,0,3.00000,10.00000,0.00000,26.00000,183,5,183,3,,,,,,,,,,,1992452.000,2128247.000,1923563.000,1787600.000,2127232.000,0,0,41,0,21,62,0,0,0,0,0,0,0,92,69,23,853939,854200,1048191,1405739,1354947,1725198,1704760,1976302,2285534,2724129,1580688,1976000,1816187,,0.647,1829769,Universidad
Administración y Comercio,Ingeniería en Logística,0.960,0.945,1941738,,,0.873,0.923,0.948,0.953,0.969,0.922,0.957,0.973,0.927,0.938,0,42.00000,206.00000,27.00000,337.00000,184,1,184,3,,,,,,,,,,,1950360.000,2402791.000,1963492.000,2057474.000,1804672.000,0,0,322,0,455,777,0,0,0,0,0,0,0,343,122,221,1066174,939644,1514425,1359286,2052500,1762115,2978069,2180599,3593386,2959427,2067424,2107014,1891427,,0.364,2013884,Universidad
Ciencias Básicas,Ingeniería en Matemática y Estadística,0.897,0.929,2397935,10.50,13.40,,,,,,,,,,,0,11.00000,210.00000,60.00000,555.00000,185,4,185,3,,,,,,,,,,,,,,,,200,63,300,137,565,865,0,0,0,0,0,0,0,81,25,56,1175398,936869,1336635,1857432,1570390,2358116,1818159,2833828,2206834,3276633,1593843,2489711,1855719,0.674,0.525,2219664,Universidad
Tecnología,Ingeniería en Metalurgia,0.750,0.890,2111699,8.10,14.50,0.702,0.634,0.571,0.871,0.793,0.700,0.846,0.975,0.808,0.853,0,7.00000,112.00000,17.00000,113.00000,187,10,187,3,,,,,,,,,,,2082802.000,1950894.000,2000269.000,2136662.000,2173044.000,66,19,72,47,185,257,0,0,0,0,0,0,0,33,12,21,675052,795332,905755,1116928,1157542,1905980,1491435,3031102,1610139,4506896,1233086,2422238,1359529,0.583,0.438,1685143,Universidad
Tecnología,Ingeniería en Minas,0.836,0.850,2514687,8.30,12.90,0.720,0.755,0.830,0.829,0.846,0.764,0.848,0.898,0.835,0.840,0,27.00000,404.00000,44.00000,469.00000,188,10,188,3,,,,,,,,,,,2393057.000,2424318.000,2539656.000,2478085.000,2550415.000,166,45,280,121,772,1052,0,0,0,0,0,0,0,298,69,229,698797,1076955,1091449,1394910,1659982,2270126,2842181,3298422,5015261,6094274,2192731,2707171,2431114,0.669,0.522,2295453,Universidad
Tecnología,Ingeniería en Prevención de Riesgos,0.865,0.884,1812703,8.60,13.70,0.741,0.832,0.848,0.870,0.885,0.816,0.853,0.890,0.869,0.893,0,41.00000,447.00000,24.00000,534.00000,189,10,189,3,,,,,,,,,,,1773712.000,1802199.000,1824426.000,1776520.000,1839312.000,91,49,792,42,498,1290,0,0,0,0,0,0,0,379,176,203,893271,803084,1185843,1153702,1534688,1626070,2171948,2299544,3101526,2960401,1656502,1911700,1656424,0.714,0.584,1717076,Universidad
Tecnología,Ingeniería en Química,0.835,0.913,1696512,8.90,13.50,0.549,0.778,0.806,0.846,0.845,0.846,0.714,0.947,0.851,0.943,0,14.00000,136.00000,31.00000,231.00000,190,10,190,3,,,,,,,,,,,1377427.000,1329806.000,1767704.000,1590606.000,1718103.000,65,30,179,35,248,427,0,0,0,0,0,0,0,100,55,45,617794,975044,845453,1262487,1134747,1517667,1487250,2110632,1860092,2521335,1233460,1698216,1370645,0.653,0.510,1526045,Universidad
Administración y Comercio,Ingeniería en Recursos Humanos,0.694,0.734,1423498,,,,,,,,,,,,,0,10.00000,22.00000,3.00000,78.00000,191,1,191,3,,,,,,,,,,,,,,,,27,13,110,14,52,162,0,0,0,0,0,0,0,24,13,11,518860,715636,774605,911807,955001,1293236,1096329,2093048,1140622,2969066,845837,1549504,952704,0.778,0.630,1211935,Universidad
Tecnología,Ingeniería en Recursos Renovables,0.684,0.779,1552870,10.00,14.30,0.654,0.657,0.767,0.676,0.628,0.565,0.862,0.778,0.786,0.774,0,28.00000,467.00000,304.00000,846.00000,192,10,192,3,,,,,,,,,,,1582552.000,1446456.000,1613048.000,1525452.000,1542047.000,321,172,903,149,763,1666,0,0,0,0,0,0,0,229,127,102,633134,692938,812800,1079092,980878,1486445,1426325,2124384,1883390,2795957,1158243,1739074,1294794,0.852,0.762,1383957,Universidad
Agropecuaria,Ingeniería Forestal,0.846,0.886,1642012,10.00,13.60,0.632,0.827,0.815,0.876,0.844,0.812,0.789,0.980,0.863,0.856,0,13.00000,194.00000,60.00000,295.00000,193,2,193,3,,,,,,,,,,,,,,,,119,47,263,72,305,568,0,0,0,0,0,0,0,123,61,62,732413,937560,928309,1060957,1117590,1453461,1456361,2007916,1671892,2364178,1216331,1826235,1338310,0.795,0.638,1552209,Universidad
Tecnología,Ingeniería Industrial,0.881,0.895,2471355,8.40,12.70,0.801,0.865,0.875,0.886,0.882,0.882,0.892,0.894,0.888,0.902,0,550.00000,2025.00000,277.00000,3290.00000,194,10,194,3,,,,,,,,,,,2452536.000,2488111.000,2662867.000,2423932.000,2310627.000,689,227,1809,462,5693,7502,0,0,0,0,0,0,0,1855,451,1404,805427,902914,1138179,1345678,1756869,1955378,2745749,3077194,4855582,4686248,2171851,2654834,2173367,0.677,0.553,2175607,Universidad
Tecnología,Ingeniería Marina y Marítimo Portuaria,0.789,0.904,2473744,8.00,12.40,,,,,,,,,,,0,8.00000,113.00000,62.00000,387.00000,195,10,195,3,,,,,,,,,,,2352094.000,2545183.000,2346852.000,2492815.000,2652275.000,157,42,104,115,479,583,0,0,0,0,0,0,0,79,16,63,635891,1080585,810162,1844647,1101453,2682979,1944572,3178453,3167528,4586226,1730390,2676463,2195523,0.839,0.730,2388674,Universidad
Tecnología,Ingeniería Mecánica,0.820,0.864,2064800,8.60,15.00,0.709,0.807,0.835,0.836,0.788,0.750,0.860,0.894,0.820,0.883,0,38.00000,193.00000,86.00000,509.00000,196,10,196,3,,,,,,,,,,,2008811.000,2144701.000,2019303.000,2192257.000,1945905.000,221,29,64,192,790,854,0,0,0,0,0,0,0,273,15,258,685105,904851,968018,1315071,1243889,1850190,1780310,2708294,2686380,3985054,1467189,2303625,1567748,0.590,0.422,1810037,Universidad
Salud,Kinesiología,0.525,0.685,1406891,10.00,12.20,0.568,0.841,0.660,0.497,0.403,0.641,0.886,0.814,0.704,0.644,0,474.00000,6652.00000,2619.00000,13892.00000,197,9,197,3,,,,,,,,,,,1347391.000,1604853.000,1451554.000,1365879.000,1345678.000,5625,2483,11191,3142,12747,23938,0,0,0,0,0,0,0,2714,1463,1251,550898,697952,626962,971877,779360,1396784,1035940,1803655,1337845,2235430,983275,1466798,1143546,0.845,0.787,1321490,Universidad
Humanidades,Licenciatura en Letras y Literatura,0.348,0.588,1152080,8.20,10.20,0.316,0.328,0.348,0.395,0.302,0.567,0.594,0.590,0.604,0.571,0,22.00000,506.00000,448.00000,1101.00000,198,8,198,3,,,,,,,,,,,1224522.000,1152873.000,1167464.000,1090146.000,1206675.000,496,352,1549,144,588,2137,0,0,0,0,0,0,0,352,248,104,549513,692968,579871,897496,786662,1174799,987041,1419531,1196294,1773583,803832,1209841,951381,0.844,0.773,1029564,Universidad
Salud,Medicina,0.909,0.893,3719393,13.90,15.10,0.901,0.963,0.920,0.914,0.892,0.898,0.909,0.790,0.900,0.904,0,36.00000,2990.00000,9695.00000,8291.00000,199,9,199,3,,,,,,,,,,,4005075.000,4067057.000,3793568.000,3741306.000,3295856.000,3209,1926,12594,1283,8635,21230,0,0,0,0,0,0,0,2430,1331,1099,1054500,2126548,1760285,3093510,2478340,4121741,3157064,5347170,3880990,6701042,2758297,4280720,3264129,0.955,0.937,3363001,Universidad
Agropecuaria,Medicina Veterinaria,0.659,0.739,1379385,10.10,14.40,0.603,0.722,0.731,0.685,0.589,0.677,0.779,0.735,0.733,0.746,0,504.00000,5510.00000,2646.00000,12244.00000,200,2,200,3,,,,,,,,,,,1418696.000,1405417.000,1400460.000,1383460.000,1342248.000,4441,3299,16030,1142,5341,21371,0,0,0,0,0,0,0,1485,1098,387,562193,729570,670246,932050,892275,1271317,1196232,1755479,1560141,2393437,1035456,1469493,1158545,0.859,0.794,1251232,Universidad
Arte y Arquitectura,"Música, Canto o Danza",0.450,0.537,1116140,10.00,12.80,0.448,0.438,0.462,0.479,0.416,0.493,0.540,0.588,0.492,0.560,0,92.00000,899.00000,432.00000,1543.00000,201,3,201,3,,,,,,,,,,,1161643.000,1129554.000,1089690.000,1190126.000,1021666.000,654,299,1350,355,1727,3078,0,0,0,0,0,0,0,407,193,214,575264,664874,674194,869686,832615,1186362,1057653,1541097,1288576,2293770,917052,1209958,1004635,0.795,0.688,1098531,Universidad
Salud,Nutrición y Dietética,0.459,0.624,1176047,10.00,12.60,0.358,0.581,0.537,0.420,0.404,0.536,0.666,0.700,0.631,0.593,0,242.00000,4024.00000,1176.00000,7872.00000,202,9,202,3,,,,,,,,,,,1149053.000,1251218.000,1181091.000,1179677.000,1153884.000,2894,2168,10600,726,2928,13528,0,0,0,0,0,0,0,1798,1532,266,553659,641182,614703,826814,782180,1166752,1009136,1572938,1246087,1972366,867391,1252894,996905,0.795,0.720,1090500,Universidad
Salud,Obstetricia y Puericultura,0.694,0.862,1672113,10.00,12.30,0.865,0.943,0.885,0.745,0.547,0.966,0.970,0.925,0.893,0.820,0,142.00000,3478.00000,1346.00000,8068.00000,203,9,203,3,,,,,,,,,,,1835079.000,1860533.000,1720967.000,1658777.000,1591555.000,2700,2631,12689,69,430,13119,0,0,0,0,0,0,0,2072,1975,97,585341,1052381,710492,1393102,991003,1715193,1314091,2063205,1612264,2409629,1164784,1784176,1392568,0.906,0.857,1559825,Universidad
Salud,Odontología,0.627,0.741,1848602,11.90,15.10,0.487,0.841,0.758,0.581,0.490,0.699,0.872,0.820,0.764,0.699,0,103.00000,2845.00000,3496.00000,8214.00000,204,9,204,3,,,,,,,,,,,1871513.000,2341886.000,1952250.000,1729932.000,1884264.000,2691,1876,10250,815,4561,14811,0,0,0,0,0,0,0,1781,1226,555,582648,706178,708821,1017374,1009134,1582600,1504455,2342750,2179489,3091391,1311241,1998135,1517376,0.882,0.841,1689035,Universidad
Educación,Pedagogía en Artes y Música,0.751,0.815,1093630,9.70,11.90,0.656,0.583,0.788,0.761,0.715,0.808,0.770,0.846,0.797,0.812,0,35.00000,864.00000,132.00000,1310.00000,205,7,205,3,,,,,,,,,,,1098863.000,1110989.000,1108757.000,1074655.000,1100635.000,552,269,1164,283,1225,2389,0,0,0,0,0,0,0,366,186,180,584854,681280,705687,927680,901062,1123112,1091262,1299366,1230318,1456875,895086,1132305,1014974,0.822,0.741,1042977,Universidad
Educación,Pedagogía en Educación Básica,0.908,0.915,1193292,9.50,10.60,0.835,0.904,0.919,0.902,0.903,0.919,0.928,0.906,0.915,0.922,0,212.00000,2700.00000,664.00000,3890.00000,207,7,207,3,,,,,,,,,,,1213168.000,1225736.000,1179151.000,1183734.000,1221517.000,1831,1539,6367,292,1301,7668,0,0,0,0,0,0,0,1521,1338,183,681040,865573,827517,1044253,979212,1221325,1154534,1369912,1338090,1587561,1012768,1238656,1129038,0.889,0.834,1175781,Universidad
Educación,Pedagogía en Educación de Párvulos,0.714,0.804,1058550,8.90,10.20,0.597,0.695,0.768,0.689,0.659,0.682,0.755,0.824,0.817,0.749,0,514.00000,4421.00000,647.00000,5974.00000,208,7,208,3,,,,,,,,,,,1147162.000,1143723.000,1055543.000,1061233.000,1058559.000,2014,2005,12058,9,43,12101,0,0,0,0,0,0,0,1434,1432,2,570256,692339,662409,881546,805575,1123662,990352,1322129,1197087,1468145,868042,1123067,950848,0.887,0.829,1007648,Universidad
Educación,Pedagogía en Educación Diferencial,0.912,0.925,1231830,9.50,10.40,0.888,0.863,0.907,0.918,0.914,0.918,0.927,0.927,0.922,0.928,0,349.00000,3564.00000,251.00000,5660.00000,209,7,209,3,,,,,,,,,,,1315980.000,1290027.000,1232917.000,1234682.000,1225425.000,2005,1880,9661,125,552,10213,0,0,0,0,0,0,0,1929,1834,95,734134,922700,866054,1114237,1015922,1253616,1176954,1421165,1357147,1635321,1025194,1280449,1126646,0.895,0.841,1178295,Universidad
Educación,Pedagogía en Educación Física,0.566,0.670,1093220,9.50,11.10,0.327,0.410,0.577,0.575,0.545,0.491,0.556,0.675,0.671,0.664,0,141.00000,2682.00000,567.00000,4314.00000,210,7,210,3,,,,,,,,,,,1080591.000,1090039.000,1061538.000,1101296.000,1121504.000,1918,559,2289,1359,5478,7767,0,0,0,0,0,0,0,1305,423,882,556800,651994,651149,852646,833511,1124960,1062401,1371241,1294152,1738191,873690,1155398,971963,0.871,0.807,1023211,Universidad
Educación,Pedagogía en Educación Media,0.807,0.841,1307876,,,0.820,0.758,0.820,0.830,0.767,0.869,0.932,0.829,0.835,0.857,0,14.00000,185.00000,74.00000,273.00000,211,7,211,3,,,,,,,,,,,1305177.000,1253338.000,1385796.000,1279502.000,1273508.000,0,0,336,0,270,606,0,0,0,0,0,0,0,246,134,112,643281,742695,747224,1092848,943473,1284646,1069692,1490565,1176106,1733848,948526,1352941,1139664,,,1226551,Universidad
Educación,Pedagogía en Educación Técnico Profesional,0.934,0.896,1623221,,,,,,,,,,,,,0,14.00000,46.00000,3.00000,66.00000,212,7,212,3,,,,,,,,,,,,,,,,72,38,96,34,96,192,0,0,0,0,0,0,0,102,52,50,843185,813749,1133958,1333053,1479529,1611469,1795656,2038567,2141369,2509774,1556792,1769531,1670784,,,1651214,Universidad
Educación,Pedagogía en Filosofía y Religión,0.789,0.830,1256069,9.90,13.20,0.806,0.704,0.842,0.731,0.771,0.852,0.909,0.893,0.828,0.769,0,10.00000,163.00000,46.00000,271.00000,213,7,213,3,,,,,,,,,,,,,,,,115,58,224,57,312,536,0,0,0,0,0,0,0,97,48,49,594467,994327,830099,1073507,1185092,1217395,1556867,1449777,1874263,1608755,1566876,1238268,1657754,0.750,0.685,1227387,Universidad
Educación,"Pedagogía en Historia, Geografía y Ciencias Sociales",0.738,0.820,1129321,9.80,11.80,0.575,0.571,0.753,0.740,0.724,0.723,0.718,0.825,0.814,0.823,0,63.00000,1056.00000,136.00000,1753.00000,214,7,214,3,,,,,,,,,,,1149980.000,1195076.000,1091910.000,1143990.000,1158300.000,672,300,1322,372,1722,3044,0,0,0,0,0,0,0,532,244,288,603409,697023,741471,941586,918188,1200492,1104919,1402763,1265211,1607508,920023,1192398,1030890,0.852,0.770,1076437,Universidad
Educación,Pedagogía en Idiomas,0.631,0.745,1074271,9.70,11.60,0.551,0.542,0.673,0.639,0.577,0.696,0.693,0.760,0.757,0.718,0,191.00000,2657.00000,455.00000,4670.00000,215,7,215,3,,,,,,,,,,,1106763.000,1112708.000,1043964.000,1072729.000,1109242.000,1808,1218,5340,590,2750,8091,0,0,0,0,0,0,0,989,686,303,571797,652886,676052,844850,854965,1105102,1040563,1327489,1236245,1563402,882696,1122627,997130,0.840,0.754,1046305,Universidad
Educación,"Pedagogía en Lenguaje, Comunicación y/o Castellano",0.833,0.867,1200218,9.80,11.30,0.755,0.787,0.872,0.843,0.794,0.867,0.888,0.880,0.857,0.868,0,115.00000,1695.00000,152.00000,2414.00000,216,7,216,3,,,,,,,,,,,1255043.000,1282045.000,1211002.000,1190594.000,1201774.000,1085,734,3011,351,1415,4427,0,0,0,0,0,0,0,749,533,216,642521,806923,831105,1052812,986726,1255271,1155649,1418514,1293315,1574730,982285,1253572,1112045,0.866,0.779,1159678,Universidad
Educación,Pedagogía en Matemáticas y Computación,0.913,0.948,1296180,9.70,11.80,0.873,0.943,0.924,0.919,0.901,0.929,0.927,0.956,0.952,0.940,0,67.00000,1048.00000,171.00000,1800.00000,217,7,217,3,,,,,,,,,,,1342158.000,1298454.000,1292194.000,1289568.000,1309993.000,691,336,1459,355,1665,3124,0,0,0,0,0,0,0,597,291,306,765089,950538,929156,1152450,1077437,1331950,1270921,1502193,1477121,1772476,1098076,1331942,1207960,0.827,0.722,1264004,Universidad
Ciencias Sociales,Periodismo,0.696,0.787,1436817,9.40,11.40,0.613,0.683,0.751,0.706,0.625,0.743,0.784,0.814,0.812,0.747,0,85.00000,1420.00000,1899.00000,3898.00000,218,5,218,3,,,,,,,,,,,1439495.000,1438661.000,1436367.000,1423433.000,1450562.000,1486,860,3931,626,3619,7550,0,0,0,0,0,0,0,1386,771,615,619514,790724,752193,1012991,951234,1375090,1195985,1808259,1626340,2279027,1033450,1512510,1183215,0.874,0.819,1312880,Universidad
Educación,Programas de Formación Pedagógica,0.844,0.870,1430797,,,0.786,0.807,0.847,0.834,0.851,0.839,0.835,0.886,0.867,0.857,0,7.00000,209.00000,186.00000,363.00000,219,7,219,3,,,,,,,,,,,1482389.000,1533348.000,1435196.000,1373787.000,1474099.000,24,19,521,5,411,932,0,0,0,0,0,0,0,353,183,170,698689,767347,882786,1052641,1096108,1315985,1414089,1608843,1783090,2059799,1208865,1473719,1306701,,,1353378,Universidad
Ciencias Sociales,Psicología,0.616,0.779,1303331,10.10,11.50,0.508,0.585,0.661,0.628,0.562,0.731,0.758,0.795,0.780,0.766,0,1081.00000,13780.00000,8391.00000,28479.00000,220,5,220,3,,,,,,,,,,,1325026.000,1380982.000,1322069.000,1304071.000,1281635.000,11559,8138,40283,3421,16264,56549,0,0,0,0,0,0,0,6775,4926,1849,582564,754017,692846,983535,880598,1220001,1141264,1568857,1504984,2066010,998896,1395488,1113651,0.870,0.820,1203197,Universidad
Educación,Psicopedagogía,0.588,0.689,982331,8.00,10.70,0.298,0.348,0.575,0.583,0.622,0.628,0.456,0.641,0.699,0.730,0,6.00000,63.00000,56.00000,146.00000,221,7,221,3,,,,,,,,,,,1088532.000,1035995.000,990983.000,941981.000,997885.000,99,91,278,8,26,304,0,0,0,0,0,0,0,134,128,6,564216,624906,649544,773136,804520,999965,978809,1187169,1204880,1357999,804858,1051360,907243,0.733,0.640,914488,Universidad
Ciencias Sociales,Publicidad,0.730,0.818,1480918,8.40,9.60,0.589,0.759,0.758,0.773,0.665,0.737,0.765,0.833,0.796,0.830,0,58.00000,415.00000,954.00000,1531.00000,222,5,222,3,,,,,,,,,,,1410626.000,1514060.000,1472052.000,1496335.000,1478464.000,759,531,1981,228,1036,3017,0,0,0,0,0,0,0,496,274,222,594724,817774,692086,1079748,842046,1402994,1004894,1974360,1287948,2510107,938258,1634165,1178040,0.887,0.856,1308094,Universidad
Salud,Química y Farmacia,0.985,0.984,2368256,10.80,14.20,0.971,0.997,0.987,0.988,0.981,0.962,0.976,0.990,0.987,0.979,0,149.00000,3230.00000,1288.00000,7030.00000,223,9,223,3,,,,,,,,,,,2304856.000,2480451.000,2387580.000,2322358.000,2407808.000,2946,1811,7150,1135,4692,11842,0,0,0,0,0,0,0,1048,622,426,1306484,1588982,1656171,1991721,2010767,2351271,2332290,2795830,2690122,3270968,2011053,2463865,2193169,0.885,0.830,2273158,Universidad
Ciencias Básicas,"Química, Licenciado en Química",0.614,0.663,1545659,10.10,14.70,,,,,,,,,,,0,11.00000,249.00000,163.00000,524.00000,224,4,224,3,,,,,,,,,,,,,,,,227,121,450,106,510,960,0,0,0,0,0,0,0,115,53,62,595597,547414,803992,982374,963527,1378155,1212955,2046980,1745045,2405001,1052323,1488644,1232129,0.766,0.645,1427857,Universidad
Arte y Arquitectura,Realizador de Cine y Televisión,0.482,0.553,1160556,9.10,12.10,0.423,0.355,0.454,0.545,0.433,0.391,0.525,0.452,0.568,0.559,0,15.00000,285.00000,445.00000,691.00000,225,3,225,3,,,,,,,,,,,,,,,,360,190,701,170,761,1462,0,0,0,0,0,0,0,205,101,104,574528,675004,673448,868909,845991,1107159,1159996,1363525,1776105,1784641,1110015,1064589,1250959,0.888,0.825,1143405,Universidad
Ciencias Sociales,Relaciones Públicas,0.590,0.641,1400349,8.00,10.00,0.489,0.508,0.573,0.604,0.613,0.670,0.804,0.594,0.675,0.625,0,4.00000,28.00000,5.00000,44.00000,226,5,226,3,,,,,,,,,,,1434990.000,1590352.000,1488533.000,1149502.000,1460207.000,36,25,82,11,42,124,0,0,0,0,0,0,0,44,28,16,562885,635146,719737,881911,920922,1120948,1268758,1507654,2638503,1911377,1116547,1589757,1212554,,0.611,1197937,Universidad
Ciencias Sociales,Sociología,0.623,0.748,1417500,9.80,13.00,0.453,0.508,0.633,0.655,0.583,0.629,0.674,0.705,0.803,0.730,0,22.00000,594.00000,572.00000,1205.00000,227,5,227,3,,,,,,,,,,,1537274.000,1423858.000,1426683.000,1403641.000,1425350.000,493,255,1322,238,1133,2455,0,0,0,0,0,0,0,479,236,243,594071,727900,666243,1031365,920923,1365715,1292391,1927079,1818238,2472635,1089621,1581982,1200016,0.743,0.662,1312597,Universidad
Agropecuaria,Técnico Agropecuario,0.503,0.566,1044643,4.80,5.50,0.375,0.487,0.462,0.548,0.480,0.532,0.610,0.568,0.529,0.595,0,33.00000,255.00000,8.00000,219.00000,228,2,228,3,,,,,,,,,,,,,,,,268,120,252,148,320,572,0,0,0,0,0,0,0,127,58,69,552634,601030,598435,701076,809652,951407,1381650,1279252,2052346,1701865,898001,1192596,911457,0.718,,878167,Universidad
Educación,Técnico Asistente del Educador de Párvulos,0.258,0.343,709798,4.40,4.90,0.260,0.195,0.216,0.333,0.222,0.368,0.306,0.323,0.330,0.375,0,24.00000,682.00000,6.00000,542.00000,229,7,229,3,,,,,,,,,,,868525.000,886966.000,689082.000,714777.000,731457.000,731,725,1368,6,7,1375,0,0,0,0,0,0,0,499,499,0,516049,559265,544663,606137,628561,709585,774280,864606,993836,1014502,665022,830643,690092,0.737,,676213,Universidad
Administración y Comercio,Técnico en Administración de Empresas,0.652,0.678,1235089,4.40,5.30,0.600,0.611,0.631,0.679,0.652,0.650,0.680,0.680,0.650,0.713,0,92.00000,1152.00000,138.00000,1171.00000,230,1,230,3,,,,,,,,,,,1403177.000,1523821.000,1197106.000,1225642.000,1278569.000,1410,854,1811,556,1247,3058,0,0,0,0,0,0,0,1089,686,403,593046,628944,733506,783983,981055,1061531,1442038,1502847,2012629,2140618,1181470,1371053,1178866,0.693,,1211994,Universidad
Administración y Comercio,Técnico en Administración de Recursos Humanos y Personal,0.627,0.722,1159685,4.50,5.90,0.589,0.720,0.658,0.609,0.600,0.645,0.678,0.758,0.748,0.642,0,10.00000,77.00000,5.00000,104.00000,231,1,231,3,,,,,,,,,,,1282044.000,1677767.000,1149832.000,1263435.000,1075866.000,142,105,204,37,58,262,0,0,0,0,0,0,0,48,36,12,619535,596688,668024,775268,766339,1078498,1100713,1327385,1485066,2076565,915050,1336107,953719,0.787,,1065070,Universidad
Tecnología,Técnico en Alimentos,0.596,0.660,1157821,4.90,5.70,0.700,0.703,0.610,0.600,0.571,0.793,0.767,0.661,0.650,0.667,0,1.00000,67.00000,1.00000,73.00000,232,10,232,3,,,,,,,,,,,,,,,,65,25,81,40,88,169,0,0,0,0,0,0,0,69,50,19,565577,762599,733201,845722,835223,1074736,989932,1439029,1272496,1798801,849287,1196365,969839,0.643,,1047249,Universidad
Administración y Comercio,Técnico en Comercio Exterior,0.600,0.716,1239708,,,,,,,,,,,,,0,13.00000,44.00000,1.00000,56.00000,233,1,233,3,,,,,,,,,,,,,,,,71,54,113,17,45,158,0,0,0,0,0,0,0,23,14,9,626661,633019,758780,725589,883815,1063962,1084581,1407874,1409634,2467167,1018824,1379175,1046078,0.660,,1204037,Universidad
Tecnología,Técnico en Computación e Informática,0.514,0.651,1530977,4.50,6.20,0.620,0.636,0.611,0.458,0.490,0.648,0.761,0.759,0.729,0.555,0,30.00000,362.00000,32.00000,514.00000,234,10,234,3,,,,,,,,,,,1424292.000,1254168.000,1436377.000,1689459.000,1400954.000,464,66,133,398,868,1001,0,0,0,0,0,0,0,169,22,147,549916,781105,661482,995890,824007,1539282,1145993,2155285,1388346,2898013,1026888,1559338,1137238,0.706,,1353013,Universidad
Tecnología,Técnico en Construcción y Obras Civiles,0.541,0.551,1119073,4.50,6.00,0.490,0.455,0.556,0.495,0.563,0.537,0.655,0.487,0.610,0.545,0,67.00000,364.00000,19.00000,346.00000,235,10,235,3,,,,,,,,,,,1071919.000,1177688.000,1171576.000,1136335.000,1025370.000,356,47,144,309,747,891,0,0,0,0,0,0,0,364,62,302,554760,591692,665973,798688,845287,1114979,1241655,1489770,1757174,2045680,1007196,1243546,981459,0.665,,1065488,Universidad
Educación,"Técnico en Deporte, Recreación y Preparación Física",0.321,0.401,845499,4.90,6.20,0.278,0.310,0.356,0.309,0.295,0.270,0.395,0.395,0.415,0.394,0,26.00000,307.00000,11.00000,354.00000,236,7,236,3,,,,,,,,,,,731862.000,809113.000,858208.000,873428.000,782298.000,282,79,199,203,549,748,0,0,0,0,0,0,0,192,41,151,520747,564381,580280,637171,653207,778300,789415,1070697,1135776,1435079,760202,909422,791577,0.713,,840927,Universidad
Tecnología,Técnico en Electricidad y Electricidad Industrial,0.754,0.810,1678712,4.30,5.80,0.685,0.845,0.710,0.790,0.743,0.705,0.861,0.832,0.809,0.798,0,83.00000,356.00000,9.00000,398.00000,237,10,237,3,,,,,,,,,,,1703598.000,1655804.000,1516111.000,1598857.000,1987869.000,373,28,70,345,830,900,0,0,0,0,0,0,0,284,11,273,640026,856853,774294,1089748,1052415,1474971,1749722,2097916,2438427,3132660,1275913,1872410,1322879,0.666,,1427659,Universidad
Tecnología,Técnico en Electrónica y Electrónica Industrial,0.660,0.853,1433438,4.10,7.30,0.744,0.677,0.607,0.732,0.613,0.684,0.825,0.938,0.962,0.727,0,21.00000,46.00000,9.00000,105.00000,238,10,238,3,,,,,,,,,,,,,,,,73,10,16,63,166,182,0,0,0,0,0,0,0,38,1,37,549050,702880,641687,1022966,914610,1465397,1234945,1893482,1911558,3283525,1015005,1668405,1145473,0.511,,1281164,Universidad
Salud,Técnico en Enfermería,0.633,0.704,902883,5.00,5.90,0.617,0.752,0.704,0.638,0.559,0.742,0.805,0.796,0.692,0.688,0,79.00000,1273.00000,24.00000,1114.00000,239,9,239,3,,,,,,,,,,,830834.000,899231.000,924638.000,859359.000,926450.000,1072,879,2313,193,497,2810,0,0,0,0,0,0,0,781,636,145,553767,627145,636252,721530,792044,892793,952006,1041492,1168710,1187093,857605,912647,897281,0.685,,902421,Universidad
Tecnología,"Técnico en Instrumentación, Automatización y Control Industrial",0.686,0.748,1522832,4.20,6.70,0.671,0.675,0.661,0.726,0.655,0.677,0.815,0.826,0.667,0.758,0,21.00000,189.00000,4.00000,195.00000,240,10,240,3,,,,,,,,,,,1408371.000,1767907.000,1320855.000,1621086.000,1609088.000,215,39,63,176,378,441,0,0,0,0,0,0,0,128,18,110,719476,717085,858501,941909,1129019,1326021,1559362,2127620,2206871,3097801,1422718,1696209,1486492,0.656,,1534573,Universidad
Administración y Comercio,Técnico en Logística,0.524,0.585,1024596,4.10,4.80,0.459,0.455,0.540,0.500,0.523,0.690,0.551,0.570,0.614,0.564,0,26.00000,256.00000,13.00000,226.00000,241,1,241,3,,,,,,,,,,,1354804.000,1062497.000,1137328.000,966057.000,958280.000,374,157,273,217,352,625,0,0,0,0,0,0,0,166,87,79,538336,587137,639318,662929,751640,867822,946205,1164476,1584679,1935531,893643,1165585,875266,0.781,,945270,Universidad
Tecnología,Técnico en Mantenimiento Industrial,0.796,0.895,1907999,4.20,6.80,0.824,0.848,0.865,0.768,0.771,0.791,0.871,0.910,0.963,0.839,0,85.00000,151.00000,36.00000,331.00000,242,10,242,3,,,,,,,,,,,2051657.000,1806769.000,1938450.000,2009284.000,1706924.000,276,48,90,228,536,626,0,0,0,0,0,0,0,192,13,179,642921,969417,776335,1210866,1152449,1877042,1639854,3080229,3041802,4274820,1524769,2171364,1575226,0.663,,2043118,Universidad
Tecnología,Técnico en Mecánica Automotriz,0.537,0.695,1302224,4.10,6.50,0.533,0.469,0.545,0.500,0.571,0.655,0.638,0.787,0.608,0.696,0,40.00000,61.00000,16.00000,215.00000,243,10,243,3,,,,,,,,,,,,,,,,161,7,15,154,319,334,0,0,0,0,0,0,0,76,2,74,594800,580278,751401,808170,910079,1175486,1157899,1742334,1419521,2632229,970558,1379239,1007852,0.658,,1186039,Universidad
Tecnología,Técnico en Mecánica Industrial,0.771,0.827,1974698,4.20,5.90,0.742,0.808,0.809,0.692,0.824,0.750,0.838,0.884,0.777,0.792,0,55.00000,281.00000,3.00000,223.00000,244,10,244,3,,,,,,,,,,,2114008.000,2100335.000,1714320.000,1979966.000,2194236.000,307,22,48,285,543,591,0,0,0,0,0,0,0,157,14,143,781179,793694,1025220,1034589,1608802,1797745,2639617,2483748,3896023,4495917,1621000,2040318,1657622,0.579,,1817083,Universidad
Tecnología,Técnico en Metalurgia,0.767,0.823,1793507,4.10,6.00,0.614,0.667,0.766,0.795,0.711,0.650,0.841,0.756,0.823,0.856,0,0.00000,173.00000,1.00000,76.00000,245,10,245,3,,,,,,,,,,,2754863.000,2799899.000,1582721.000,1794636.000,2344493.000,136,62,121,74,154,275,0,0,0,0,0,0,0,76,29,47,695113,842157,1003503,1085077,1219469,1634654,2006072,3523237,3383455,5823613,1728942,2023460,1902124,0.768,,2089290,Universidad
Tecnología,Técnico en Minería,0.688,0.724,1987119,4.40,6.90,0.673,0.668,0.690,0.651,0.724,0.707,0.714,0.764,0.704,0.689,0,36.00000,280.00000,19.00000,272.00000,246,10,246,3,,,,,,,,,,,1977193.000,1934972.000,2076107.000,1824845.000,1993839.000,315,115,223,200,415,638,0,0,0,0,0,0,0,196,51,145,613527,770562,736837,1082096,1041029,1429847,1718160,2501615,3222247,4362403,1458222,2130267,1628334,0.721,,1715876,Universidad
Ciencias Sociales,Técnico en Prevención y Rehabilitación,0.634,0.561,951145,,,0.636,0.667,0.563,0.676,0.683,0.718,0.643,0.521,0.578,0.600,0,,,,,247,5,247,3,,,,,,,,,,,1037587.000,1345177.000,989808.000,954390.000,850744.000,0,0,0,0,0,0,0,0,0,0,0,0,0,61,28,33,522883,636121,600196,678317,735019,884547,1150416,1198996,2003099,1628362,1074218,1179918,1048962,,,958997,Universidad
Ciencias Básicas,Técnico en Química (Análisis e Industrial),0.734,0.794,1128037,5.20,8.10,0.625,0.690,0.835,0.643,0.702,0.747,0.861,0.829,0.837,0.728,0,9.00000,59.00000,6.00000,103.00000,248,4,248,3,,,,,,,,,,,1136411.000,1130224.000,1163664.000,1102706.000,1105071.000,85,38,92,47,96,188,0,0,0,0,0,0,0,49,29,20,611454,741178,697108,924419,829114,1176096,1006864,1426183,1099021,1722796,881446,1250002,1026450,0.714,,1068354,Universidad
Salud,Tecnología Médica,0.714,0.852,1750943,10.00,12.70,0.765,0.949,0.880,0.734,0.567,0.894,0.959,0.943,0.883,0.801,0,205.00000,4376.00000,1208.00000,10486.00000,249,9,249,3,,,,,,,,,,,1752020.000,1967447.000,1798009.000,1709737.000,1732892.000,3383,2194,10413,1189,6009,16422,0,0,0,0,0,0,0,2210,1352,858,583052,982751,714570,1360065,968085,1720266,1292703,2102915,1661451,2577123,1226007,1836411,1456786,0.855,,1634698,Universidad
Salud,Terapia Ocupacional,0.496,0.719,1263707,10.00,11.50,0.371,0.621,0.566,0.495,0.430,0.669,0.779,0.761,0.744,0.688,0,213.00000,3688.00000,1134.00000,7637.00000,250,9,250,3,,,,,,,,,,,1252774.000,1344994.000,1289475.000,1255937.000,1210672.000,2773,2362,10940,411,1872,12812,0,0,0,0,0,0,0,2121,1840,281,552693,701885,635266,959274,782478,1283240,1006489,1575869,1279331,1933735,878860,1310769,1030200,0.841,,1150896,Universidad
Ciencias Sociales,Trabajo Social,0.669,0.784,1206925,9.80,11.30,0.608,0.643,0.694,0.672,0.641,0.744,0.776,0.800,0.785,0.775,0,291.00000,4215.00000,401.00000,6620.00000,251,5,251,3,,,,,,,,,,,1203284.000,1225442.000,1194053.000,1224877.000,1203414.000,2167,1710,10156,456,2547,12704,0,0,0,0,0,0,0,3162,2641,521,582623,725235,700252,942061,901861,1200360,1188982,1515169,1564484,1920029,1019931,1268800,1092737,0.823,,1150867,Universidad
Humanidades,Traducción e Interpretación,0.415,0.509,981268,9.00,12.40,0.296,0.330,0.448,0.411,0.388,0.368,0.435,0.492,0.542,0.485,0,57.00000,805.00000,264.00000,1968.00000,252,8,252,3,,,,,,,,,,,1053125.000,926093.000,937319.000,986552.000,1033383.000,588,418,2168,170,980,3148,0,0,0,0,0,0,0,283,192,91,555967,594495,607153,690304,722800,872549,965603,1103699,1331791,1494917,803174,985232,858314,0.817,,902136,Universidad
